IndicatorCode,Indicator,ValueType,ParentLocationCode,ParentLocation,Location type,SpatialDimValueCode,Location,Period type,Period,IsLatestYear,Dim1 type,Dim1,Dim1ValueCode,Dim2 type,Dim2,Dim2ValueCode,Dim3 type,Dim3,Dim3ValueCode,DataSourceDimValueCode,DataSource,FactValueNumericPrefix,FactValueNumeric,FactValueUoM,FactValueNumericLowPrefix,FactValueNumericLow,FactValueNumericHighPrefix,FactValueNumericHigh,Value,FactValueTranslationID,FactComments,Language,DateModified
WSH_1,SDG 3.9.2 WASH deaths,numeric,AMR,Americas,Country,ATG,Antigua and Barbuda,Year,2019,true,Sex,Female,FMLE,,,,,,,,,,1,,,,,,1,,,EN,2022-11-06T23:00:00.000Z
WSH_1,SDG 3.9.2 WASH deaths,numeric,AMR,Americas,Country,ATG,Antigua and Barbuda,Year,2019,true,Sex,Male,MLE,,,,,,,,,,1,,,,,,1,,,EN,2022-11-06T23:00:00.000Z
WSH_1,SDG 3.9.2 WASH deaths,numeric,AMR,Americas,Country,BHS,Bahamas,Year,2019,true,Sex,Both sexes,BTSX,,,,,,,,,,10,,,,,,10,,,EN,2022-11-06T23:00:00.000Z
WSH_1,SDG 3.9.2 WASH deaths,numeric,AMR,Americas,Country,BRB,Barbados,Year,2019,true,Sex,Male,MLE,,,,,,,,,,10,,,,,,10,,,EN,2022-11-06T23:00:00.000Z
WSH_1,SDG 3.9.2 WASH deaths,numeric,AMR,Americas,Country,BLZ,Belize,Year,2019,true,Sex,Male,MLE,,,,,,,,,,10,,,,,,10,,,EN,2022-11-06T23:00:00.000Z
WSH_1,SDG 3.9.2 WASH deaths,numeric,EUR,Europe,Country,CYP,Cyprus,Year,2019,true,Sex,Female,FMLE,,,,,,,,,,10,,,,,,10,,,EN,2022-11-06T23:00:00.000Z
WSH_1,SDG 3.9.2 WASH deaths,numeric,EUR,Europe,Country,MKD,The former Yugoslav Republic of Macedonia,Year,2019,true,Sex,Female,FMLE,,,,,,,,,,10,,,,,,10,,,EN,2022-11-06T23:00:00.000Z
WSH_1,SDG 3.9.2 WASH deaths,numeric,AMR,Americas,Country,TTO,Trinidad and Tobago,Year,2019,true,Sex,Female,FMLE,,,,,,,,,,10,,,,,,10,,,EN,2022-11-06T23:00:00.000Z
WSH_1,SDG 3.9.2 WASH deaths,numeric,WPR,Western Pacific,Country,JPN,Japan,Year,2019,true,Sex,Both sexes,BTSX,,,,,,,,,,10699,,,,,,10 699,,,EN,2022-11-06T23:00:00.000Z
WSH_1,SDG 3.9.2 WASH deaths,numeric,AFR,Africa,Country,MDG,Madagascar,Year,2019,true,Sex,Both sexes,BTSX,,,,,,,,,,10803,,,,,,10 803,,,EN,2022-11-06T23:00:00.000Z
WSH_1,SDG 3.9.2 WASH deaths,numeric,EMR,Eastern Mediterranean,Country,JOR,Jordan,Year,2019,true,Sex,Male,MLE,,,,,,,,,,101,,,,,,101,,,EN,2022-11-06T23:00:00.000Z
WSH_1,SDG 3.9.2 WASH deaths,numeric,WPR,Western Pacific,Country,MNG,Mongolia,Year,2019,true,Sex,Both sexes,BTSX,,,,,,,,,,102,,,,,,102,,,EN,2022-11-06T23:00:00.000Z
WSH_1,SDG 3.9.2 WASH deaths,numeric,WPR,Western Pacific,Country,NZL,New Zealand,Year,2019,true,Sex,Both sexes,BTSX,,,,,,,,,,102,,,,,,102,,,EN,2022-11-06T23:00:00.000Z
WSH_1,SDG 3.9.2 WASH deaths,numeric,EUR,Europe,Country,UKR,Ukraine,Year,2019,true,Sex,Both sexes,BTSX,,,,,,,,,,1029,,,,,,1029,,,EN,2022-11-06T23:00:00.000Z
WSH_1,SDG 3.9.2 WASH deaths,numeric,EUR,Europe,Country,ARM,Armenia,Year,2019,true,Sex,Female,FMLE,,,,,,,,,,103,,,,,,103,,,EN,2022-11-06T23:00:00.000Z
WSH_1,SDG 3.9.2 WASH deaths,numeric,SEAR,South-East Asia,Country,LKA,Sri Lanka,Year,2019,true,Sex,Both sexes,BTSX,,,,,,,,,,1030,,,,,,1030,,,EN,2022-11-06T23:00:00.000Z
WSH_1,SDG 3.9.2 WASH deaths,numeric,EUR,Europe,Country,POL,Poland,Year,2019,true,Sex,Male,MLE,,,,,,,,,,1046,,,,,,1046,,,EN,2022-11-06T23:00:00.000Z
WSH_1,SDG 3.9.2 WASH deaths,numeric,EUR,Europe,Country,MDA,Republic of Moldova,Year,2019,true,Sex,Male,MLE,,,,,,,,,,105,,,,,,105,,,EN,2022-11-06T23:00:00.000Z
WSH_1,SDG 3.9.2 WASH deaths,numeric,WPR,Western Pacific,Country,SLB,Solomon Islands,Year,2019,true,Sex,Male,MLE,,,,,,,,,,105,,,,,,105,,,EN,2022-11-06T23:00:00.000Z
WSH_1,SDG 3.9.2 WASH deaths,numeric,SEAR,South-East Asia,Country,PRK,Democratic People's Republic of Korea,Year,2019,true,Sex,Both sexes,BTSX,,,,,,,,,,1051,,,,,,1051,,,EN,2022-11-06T23:00:00.000Z
WSH_1,SDG 3.9.2 WASH deaths,numeric,EMR,Eastern Mediterranean,Country,IRN,Iran (Islamic Republic of),Year,2019,true,Sex,Female,FMLE,,,,,,,,,,1060,,,,,,1060,,,EN,2022-11-06T23:00:00.000Z
WSH_1,SDG 3.9.2 WASH deaths,numeric,AFR,Africa,Country,LSO,Lesotho,Year,2019,true,Sex,Female,FMLE,,,,,,,,,,1072,,,,,,1072,,,EN,2022-11-06T23:00:00.000Z
WSH_1,SDG 3.9.2 WASH deaths,numeric,EUR,Europe,Country,HUN,Hungary,Year,2019,true,Sex,Female,FMLE,,,,,,,,,,108,,,,,,108,,,EN,2022-11-06T23:00:00.000Z
WSH_1,SDG 3.9.2 WASH deaths,numeric,EUR,Europe,Country,NOR,Norway,Year,2019,true,Sex,Female,FMLE,,,,,,,,,,108,,,,,,108,,,EN,2022-11-06T23:00:00.000Z
WSH_1,SDG 3.9.2 WASH deaths,numeric,EUR,Europe,Country,MNE,Montenegro,Year,2019,true,Sex,Both sexes,BTSX,,,,,,,,,,11,,,,,,11,,,EN,2022-11-06T23:00:00.000Z
WSH_1,SDG 3.9.2 WASH deaths,numeric,AMR,Americas,Country,LCA,Saint Lucia,Year,2019,true,Sex,Both sexes,BTSX,,,,,,,,,,11,,,,,,11,,,EN,2022-11-06T23:00:00.000Z
WSH_1,SDG 3.9.2 WASH deaths,numeric,EUR,Europe,Country,TUR,Türkiye,Year,2019,true,Sex,Female,FMLE,,,,,,,,,,1102,,,,,,1102,,,EN,2022-11-06T23:00:00.000Z
WSH_1,SDG 3.9.2 WASH deaths,numeric,AMR,Americas,Country,CUB,Cuba,Year,2019,true,Sex,Both sexes,BTSX,,,,,,,,,,1103,,,,,,1103,,,EN,2022-11-06T23:00:00.000Z
WSH_1,SDG 3.9.2 WASH deaths,numeric,EUR,Europe,Country,HRV,Croatia,Year,2019,true,Sex,Both sexes,BTSX,,,,,,,,,,111,,,,,,111,,,EN,2022-11-06T23:00:00.000Z
WSH_1,SDG 3.9.2 WASH deaths,numeric,AMR,Americas,Country,NIC,Nicaragua,Year,2019,true,Sex,Female,FMLE,,,,,,,,,,111,,,,,,111,,,EN,2022-11-06T23:00:00.000Z
WSH_1,SDG 3.9.2 WASH deaths,numeric,EUR,Europe,Country,SVK,Slovakia,Year,2019,true,Sex,Male,MLE,,,,,,,,,,111,,,,,,111,,,EN,2022-11-06T23:00:00.000Z
WSH_1,SDG 3.9.2 WASH deaths,numeric,WPR,Western Pacific,Country,SLB,Solomon Islands,Year,2019,true,Sex,Female,FMLE,,,,,,,,,,114,,,,,,114,,,EN,2022-11-06T23:00:00.000Z
WSH_1,SDG 3.9.2 WASH deaths,numeric,EUR,Europe,Country,DEU,Germany,Year,2019,true,Sex,Female,FMLE,,,,,,,,,,1154,,,,,,1154,,,EN,2022-11-06T23:00:00.000Z
WSH_1,SDG 3.9.2 WASH deaths,numeric,EUR,Europe,Country,DNK,Denmark,Year,2019,true,Sex,Male,MLE,,,,,,,,,,117,,,,,,117,,,EN,2022-11-06T23:00:00.000Z
WSH_1,SDG 3.9.2 WASH deaths,numeric,AMR,Americas,Country,PER,Peru,Year,2019,true,Sex,Male,MLE,,,,,,,,,,1172,,,,,,1172,,,EN,2022-11-06T23:00:00.000Z
WSH_1,SDG 3.9.2 WASH deaths,numeric,AMR,Americas,Country,NIC,Nicaragua,Year,2019,true,Sex,Male,MLE,,,,,,,,,,119,,,,,,119,,,EN,2022-11-06T23:00:00.000Z
WSH_1,SDG 3.9.2 WASH deaths,numeric,SEAR,South-East Asia,Country,TLS,Timor-Leste,Year,2019,true,Sex,Female,FMLE,,,,,,,,,,119,,,,,,119,,,EN,2022-11-06T23:00:00.000Z
WSH_1,SDG 3.9.2 WASH deaths,numeric,EUR,Europe,Country,LUX,Luxembourg,Year,2019,true,Sex,Both sexes,BTSX,,,,,,,,,,12,,,,,,12,,,EN,2022-11-06T23:00:00.000Z
WSH_1,SDG 3.9.2 WASH deaths,numeric,SEAR,South-East Asia,Country,MDV,Maldives,Year,2019,true,Sex,Both sexes,BTSX,,,,,,,,,,12,,,,,,12,,,EN,2022-11-06T23:00:00.000Z
WSH_1,SDG 3.9.2 WASH deaths,numeric,EUR,Europe,Country,MLT,Malta,Year,2019,true,Sex,Female,FMLE,,,,,,,,,,12,,,,,,12,,,EN,2022-11-06T23:00:00.000Z
WSH_1,SDG 3.9.2 WASH deaths,numeric,EMR,Eastern Mediterranean,Country,QAT,Qatar,Year,2019,true,Sex,Both sexes,BTSX,,,,,,,,,,12,,,,,,12,,,EN,2022-11-06T23:00:00.000Z
WSH_1,SDG 3.9.2 WASH deaths,numeric,EUR,Europe,Country,MKD,The former Yugoslav Republic of Macedonia,Year,2019,true,Sex,Male,MLE,,,,,,,,,,12,,,,,,12,,,EN,2022-11-06T23:00:00.000Z
WSH_1,SDG 3.9.2 WASH deaths,numeric,AFR,Africa,Country,CIV,Côte d’Ivoire,Year,2019,true,Sex,Both sexes,BTSX,,,,,,,,,,12075,,,,,,12 075,,,EN,2022-11-06T23:00:00.000Z
WSH_1,SDG 3.9.2 WASH deaths,numeric,SEAR,South-East Asia,Country,BGD,Bangladesh,Year,2019,true,Sex,Male,MLE,,,,,,,,,,12124,,,,,,12 124,,,EN,2022-11-06T23:00:00.000Z
WSH_1,SDG 3.9.2 WASH deaths,numeric,AFR,Africa,Country,CMR,Cameroon,Year,2019,true,Sex,Both sexes,BTSX,,,,,,,,,,12230,,,,,,12 230,,,EN,2022-11-06T23:00:00.000Z
WSH_1,SDG 3.9.2 WASH deaths,numeric,AFR,Africa,Country,BFA,Burkina Faso,Year,2019,true,Sex,Both sexes,BTSX,,,,,,,,,,12378,,,,,,12 378,,,EN,2022-11-06T23:00:00.000Z
WSH_1,SDG 3.9.2 WASH deaths,numeric,AFR,Africa,Country,UGA,Uganda,Year,2019,true,Sex,Both sexes,BTSX,,,,,,,,,,12435,,,,,,12 435,,,EN,2022-11-06T23:00:00.000Z
WSH_1,SDG 3.9.2 WASH deaths,numeric,AFR,Africa,Country,MLI,Mali,Year,2019,true,Sex,Both sexes,BTSX,,,,,,,,,,12998,,,,,,12 998,,,EN,2022-11-06T23:00:00.000Z
WSH_1,SDG 3.9.2 WASH deaths,numeric,SEAR,South-East Asia,Country,BTN,Bhutan,Year,2019,true,Sex,Both sexes,BTSX,,,,,,,,,,120,,,,,,120,,,EN,2022-11-06T23:00:00.000Z
WSH_1,SDG 3.9.2 WASH deaths,numeric,EUR,Europe,Country,BGR,Bulgaria,Year,2019,true,Sex,Male,MLE,,,,,,,,,,120,,,,,,120,,,EN,2022-11-06T23:00:00.000Z
WSH_1,SDG 3.9.2 WASH deaths,numeric,EUR,Europe,Country,CHE,Switzerland,Year,2019,true,Sex,Female,FMLE,,,,,,,,,,121,,,,,,121,,,EN,2022-11-06T23:00:00.000Z
WSH_1,SDG 3.9.2 WASH deaths,numeric,EUR,Europe,Country,DNK,Denmark,Year,2019,true,Sex,Female,FMLE,,,,,,,,,,122,,,,,,122,,,EN,2022-11-06T23:00:00.000Z
WSH_1,SDG 3.9.2 WASH deaths,numeric,AFR,Africa,Country,LSO,Lesotho,Year,2019,true,Sex,Male,MLE,,,,,,,,,,1225,,,,,,1225,,,EN,2022-11-06T23:00:00.000Z
WSH_1,SDG 3.9.2 WASH deaths,numeric,EUR,Europe,Country,FRA,France,Year,2019,true,Sex,Female,FMLE,,,,,,,,,,1239,,,,,,1239,,,EN,2022-11-06T23:00:00.000Z
WSH_1,SDG 3.9.2 WASH deaths,numeric,WPR,Western Pacific,Country,PNG,Papua New Guinea,Year,2019,true,Sex,Male,MLE,,,,,,,,,,1249,,,,,,1249,,,EN,2022-11-06T23:00:00.000Z
WSH_1,SDG 3.9.2 WASH deaths,numeric,AMR,Americas,Country,GTM,Guatemala,Year,2019,true,Sex,Female,FMLE,,,,,,,,,,1269,,,,,,1269,,,EN,2022-11-06T23:00:00.000Z
WSH_1,SDG 3.9.2 WASH deaths,numeric,AMR,Americas,Country,PER,Peru,Year,2019,true,Sex,Female,FMLE,,,,,,,,,,1295,,,,,,1295,,,EN,2022-11-06T23:00:00.000Z
WSH_1,SDG 3.9.2 WASH deaths,numeric,EMR,Eastern Mediterranean,Country,BHR,Bahrain,Year,2019,true,Sex,Both sexes,BTSX,,,,,,,,,,13,,,,,,13,,,EN,2022-11-06T23:00:00.000Z
WSH_1,SDG 3.9.2 WASH deaths,numeric,AMR,Americas,Country,BRB,Barbados,Year,2019,true,Sex,Female,FMLE,,,,,,,,,,13,,,,,,13,,,EN,2022-11-06T23:00:00.000Z
WSH_1,SDG 3.9.2 WASH deaths,numeric,AMR,Americas,Country,TTO,Trinidad and Tobago,Year,2019,true,Sex,Male,MLE,,,,,,,,,,13,,,,,,13,,,EN,2022-11-06T23:00:00.000Z
WSH_1,SDG 3.9.2 WASH deaths,numeric,AFR,Africa,Country,MOZ,Mozambique,Year,2019,true,Sex,Both sexes,BTSX,,,,,,,,,,13835,,,,,,13 835,,,EN,2022-11-06T23:00:00.000Z
WSH_1,SDG 3.9.2 WASH deaths,numeric,WPR,Western Pacific,Country,CHN,China,Year,2019,true,Sex,Female,FMLE,,,,,,,,,,13942,,,,,,13 942,,,EN,2022-11-06T23:00:00.000Z
WSH_1,SDG 3.9.2 WASH deaths,numeric,AMR,Americas,Country,BRA,Brazil,Year,2019,true,Sex,Both sexes,BTSX,,,,,,,,,,13957,,,,,,13 957,,,EN,2022-11-06T23:00:00.000Z
WSH_1,SDG 3.9.2 WASH deaths,numeric,EUR,Europe,Country,IRL,Ireland,Year,2019,true,Sex,Both sexes,BTSX,,,,,,,,,,132,,,,,,132,,,EN,2022-11-06T23:00:00.000Z
WSH_1,SDG 3.9.2 WASH deaths,numeric,WPR,Western Pacific,Country,KOR,Republic of Korea,Year,2019,true,Sex,Male,MLE,,,,,,,,,,1330,,,,,,1330,,,EN,2022-11-06T23:00:00.000Z
WSH_1,SDG 3.9.2 WASH deaths,numeric,WPR,Western Pacific,Country,KOR,Republic of Korea,Year,2019,true,Sex,Female,FMLE,,,,,,,,,,1335,,,,,,1335,,,EN,2022-11-06T23:00:00.000Z
WSH_1,SDG 3.9.2 WASH deaths,numeric,EUR,Europe,Country,GEO,Georgia,Year,2019,true,Sex,Both sexes,BTSX,,,,,,,,,,134,,,,,,134,,,EN,2022-11-06T23:00:00.000Z
WSH_1,SDG 3.9.2 WASH deaths,numeric,EMR,Eastern Mediterranean,Country,IRN,Iran (Islamic Republic of),Year,2019,true,Sex,Male,MLE,,,,,,,,,,1361,,,,,,1361,,,EN,2022-11-06T23:00:00.000Z
WSH_1,SDG 3.9.2 WASH deaths,numeric,AFR,Africa,Country,RWA,Rwanda,Year,2019,true,Sex,Female,FMLE,,,,,,,,,,1378,,,,,,1378,,,EN,2022-11-06T23:00:00.000Z
WSH_1,SDG 3.9.2 WASH deaths,numeric,AFR,Africa,Country,GAB,Gabon,Year,2019,true,Sex,Female,FMLE,,,,,,,,,,138,,,,,,138,,,EN,2022-11-06T23:00:00.000Z
WSH_1,SDG 3.9.2 WASH deaths,numeric,EUR,Europe,Country,ROU,Romania,Year,2019,true,Sex,Both sexes,BTSX,,,,,,,,,,1395,,,,,,1395,,,EN,2022-11-06T23:00:00.000Z
WSH_1,SDG 3.9.2 WASH deaths,numeric,EUR,Europe,Country,SVN,Slovenia,Year,2019,true,Sex,Male,MLE,,,,,,,,,,14,,,,,,14,,,EN,2022-11-06T23:00:00.000Z
WSH_1,SDG 3.9.2 WASH deaths,numeric,WPR,Western Pacific,Country,KHM,Cambodia,Year,2019,true,Sex,Female,FMLE,,,,,,,,,,1404,,,,,,1404,,,EN,2022-11-06T23:00:00.000Z
WSH_1,SDG 3.9.2 WASH deaths,numeric,AFR,Africa,Country,TGO,Togo,Year,2019,true,Sex,Female,FMLE,,,,,,,,,,1409,,,,,,1409,,,EN,2022-11-06T23:00:00.000Z
WSH_1,SDG 3.9.2 WASH deaths,numeric,EUR,Europe,Country,TKM,Turkmenistan,Year,2019,true,Sex,Female,FMLE,,,,,,,,,,141,,,,,,141,,,EN,2022-11-06T23:00:00.000Z
WSH_1,SDG 3.9.2 WASH deaths,numeric,AMR,Americas,Country,HTI,Haiti,Year,2019,true,Sex,Female,FMLE,,,,,,,,,,1414,,,,,,1414,,,EN,2022-11-06T23:00:00.000Z
WSH_1,SDG 3.9.2 WASH deaths,numeric,AMR,Americas,Country,GTM,Guatemala,Year,2019,true,Sex,Male,MLE,,,,,,,,,,1415,,,,,,1415,,,EN,2022-11-06T23:00:00.000Z
WSH_1,SDG 3.9.2 WASH deaths,numeric,AFR,Africa,Country,COG,Congo,Year,2019,true,Sex,Both sexes,BTSX,,,,,,,,,,1420,,,,,,1420,,,EN,2022-11-06T23:00:00.000Z
WSH_1,SDG 3.9.2 WASH deaths,numeric,WPR,Western Pacific,Country,KHM,Cambodia,Year,2019,true,Sex,Male,MLE,,,,,,,,,,1421,,,,,,1421,,,EN,2022-11-06T23:00:00.000Z
WSH_1,SDG 3.9.2 WASH deaths,numeric,EUR,Europe,Country,SWE,Sweden,Year,2019,true,Sex,Male,MLE,,,,,,,,,,143,,,,,,143,,,EN,2022-11-06T23:00:00.000Z
WSH_1,SDG 3.9.2 WASH deaths,numeric,EUR,Europe,Country,MDA,Republic of Moldova,Year,2019,true,Sex,Both sexes,BTSX,,,,,,,,,,144,,,,,,144,,,EN,2022-11-06T23:00:00.000Z
WSH_1,SDG 3.9.2 WASH deaths,numeric,AFR,Africa,Country,NGA,Nigeria,Year,2019,true,Sex,Both sexes,BTSX,,,,,,,,,,144157,,,,,,144 157,,,EN,2022-11-06T23:00:00.000Z
WSH_1,SDG 3.9.2 WASH deaths,numeric,AMR,Americas,Country,CRI,Costa Rica,Year,2019,true,Sex,Both sexes,BTSX,,,,,,,,,,145,,,,,,145,,,EN,2022-11-06T23:00:00.000Z
WSH_1,SDG 3.9.2 WASH deaths,numeric,SEAR,South-East Asia,Country,TLS,Timor-Leste,Year,2019,true,Sex,Male,MLE,,,,,,,,,,145,,,,,,145,,,EN,2022-11-06T23:00:00.000Z
WSH_1,SDG 3.9.2 WASH deaths,numeric,EMR,Eastern Mediterranean,Country,LBY,Libya,Year,2019,true,Sex,Both sexes,BTSX,,,,,,,,,,146,,,,,,146,,,EN,2022-11-06T23:00:00.000Z
WSH_1,SDG 3.9.2 WASH deaths,numeric,AFR,Africa,Country,ERI,Eritrea,Year,2019,true,Sex,Male,MLE,,,,,,,,,,1465,,,,,,1465,,,EN,2022-11-06T23:00:00.000Z
WSH_1,SDG 3.9.2 WASH deaths,numeric,WPR,Western Pacific,Country,LAO,Lao People's Democratic Republic,Year,2019,true,Sex,Both sexes,BTSX,,,,,,,,,,1471,,,,,,1471,,,EN,2022-11-06T23:00:00.000Z
WSH_1,SDG 3.9.2 WASH deaths,numeric,AMR,Americas,Country,VEN,Venezuela (Bolivarian Republic of),Year,2019,true,Sex,Both sexes,BTSX,,,,,,,,,,1475,,,,,,1475,,,EN,2022-11-06T23:00:00.000Z
WSH_1,SDG 3.9.2 WASH deaths,numeric,EUR,Europe,Country,KGZ,Kyrgyzstan,Year,2019,true,Sex,Both sexes,BTSX,,,,,,,,,,148,,,,,,148,,,EN,2022-11-06T23:00:00.000Z
WSH_1,SDG 3.9.2 WASH deaths,numeric,EUR,Europe,Country,ESP,Spain,Year,2019,true,Sex,Both sexes,BTSX,,,,,,,,,,1483,,,,,,1483,,,EN,2022-11-06T23:00:00.000Z
WSH_1,SDG 3.9.2 WASH deaths,numeric,EUR,Europe,Country,DEU,Germany,Year,2019,true,Sex,Male,MLE,,,,,,,,,,1493,,,,,,1493,,,EN,2022-11-06T23:00:00.000Z
WSH_1,SDG 3.9.2 WASH deaths,numeric,AFR,Africa,Country,KEN,Kenya,Year,2019,true,Sex,Both sexes,BTSX,,,,,,,,,,15266,,,,,,15 266,,,EN,2022-11-06T23:00:00.000Z
WSH_1,SDG 3.9.2 WASH deaths,numeric,EMR,Eastern Mediterranean,Country,SOM,Somalia,Year,2019,true,Sex,Both sexes,BTSX,,,,,,,,,,15317,,,,,,15 317,,,EN,2022-11-06T23:00:00.000Z
WSH_1,SDG 3.9.2 WASH deaths,numeric,AFR,Africa,Country,AGO,Angola,Year,2019,true,Sex,Both sexes,BTSX,,,,,,,,,,15547,,,,,,15 547,,,EN,2022-11-06T23:00:00.000Z
WSH_1,SDG 3.9.2 WASH deaths,numeric,AFR,Africa,Country,TCD,Chad,Year,2019,true,Sex,Both sexes,BTSX,,,,,,,,,,15819,,,,,,15 819,,,EN,2022-11-06T23:00:00.000Z
WSH_1,SDG 3.9.2 WASH deaths,numeric,AMR,Americas,Country,HTI,Haiti,Year,2019,true,Sex,Male,MLE,,,,,,,,,,1508,,,,,,1508,,,EN,2022-11-06T23:00:00.000Z
WSH_1,SDG 3.9.2 WASH deaths,numeric,AMR,Americas,Country,PRY,Paraguay,Year,2019,true,Sex,Female,FMLE,,,,,,,,,,152,,,,,,152,,,EN,2022-11-06T23:00:00.000Z
WSH_1,SDG 3.9.2 WASH deaths,numeric,EUR,Europe,Country,BLR,Belarus,Year,2019,true,Sex,Both sexes,BTSX,,,,,,,,,,153,,,,,,153,,,EN,2022-11-06T23:00:00.000Z
WSH_1,SDG 3.9.2 WASH deaths,numeric,AMR,Americas,Country,URY,Uruguay,Year,2019,true,Sex,Both sexes,BTSX,,,,,,,,,,154,,,,,,154,,,EN,2022-11-06T23:00:00.000Z
WSH_1,SDG 3.9.2 WASH deaths,numeric,EMR,Eastern Mediterranean,Country,DJI,Djibouti,Year,2019,true,Sex,Female,FMLE,,,,,,,,,,155,,,,,,155,,,EN,2022-11-06T23:00:00.000Z
WSH_1,SDG 3.9.2 WASH deaths,numeric,EUR,Europe,Country,SRB,Serbia,Year,2019,true,Sex,Female,FMLE,,,,,,,,,,156,,,,,,156,,,EN,2022-11-06T23:00:00.000Z
WSH_1,SDG 3.9.2 WASH deaths,numeric,EMR,Eastern Mediterranean,Country,SYR,Syrian Arab Republic,Year,2019,true,Sex,Both sexes,BTSX,,,,,,,,,,1561,,,,,,1561,,,EN,2022-11-06T23:00:00.000Z
WSH_1,SDG 3.9.2 WASH deaths,numeric,EUR,Europe,Country,AZE,Azerbaijan,Year,2019,true,Sex,Female,FMLE,,,,,,,,,,158,,,,,,158,,,EN,2022-11-06T23:00:00.000Z
WSH_1,SDG 3.9.2 WASH deaths,numeric,EUR,Europe,Country,EST,Estonia,Year,2019,true,Sex,Female,FMLE,,,,,,,,,,16,,,,,,16,,,EN,2022-11-06T23:00:00.000Z
WSH_1,SDG 3.9.2 WASH deaths,numeric,WPR,Western Pacific,Country,FSM,Micronesia (Federated States of),Year,2019,true,Sex,Both sexes,BTSX,,,,,,,,,,16,,,,,,16,,,EN,2022-11-06T23:00:00.000Z
WSH_1,SDG 3.9.2 WASH deaths,numeric,WPR,Western Pacific,Country,WSM,Samoa,Year,2019,true,Sex,Both sexes,BTSX,,,,,,,,,,16,,,,,,16,,,EN,2022-11-06T23:00:00.000Z
WSH_1,SDG 3.9.2 WASH deaths,numeric,AFR,Africa,Country,ZAF,South Africa,Year,2019,true,Sex,Both sexes,BTSX,,,,,,,,,,16158,,,,,,16 158,,,EN,2022-11-06T23:00:00.000Z
WSH_1,SDG 3.9.2 WASH deaths,numeric,AFR,Africa,Country,NER,Niger,Year,2019,true,Sex,Both sexes,BTSX,,,,,,,,,,16378,,,,,,16 378,,,EN,2022-11-06T23:00:00.000Z
WSH_1,SDG 3.9.2 WASH deaths,numeric,EUR,Europe,Country,SWE,Sweden,Year,2019,true,Sex,Female,FMLE,,,,,,,,,,162,,,,,,162,,,EN,2022-11-06T23:00:00.000Z
WSH_1,SDG 3.9.2 WASH deaths,numeric,EMR,Eastern Mediterranean,Country,LBN,Lebanon,Year,2019,true,Sex,Both sexes,BTSX,,,,,,,,,,164,,,,,,164,,,EN,2022-11-06T23:00:00.000Z
WSH_1,SDG 3.9.2 WASH deaths,numeric,AMR,Americas,Country,BOL,Bolivia (Plurinational State of),Year,2019,true,Sex,Both sexes,BTSX,,,,,,,,,,1643,,,,,,1643,,,EN,2022-11-06T23:00:00.000Z
WSH_1,SDG 3.9.2 WASH deaths,numeric,EUR,Europe,Country,RUS,Russian Federation,Year,2019,true,Sex,Female,FMLE,,,,,,,,,,1644,,,,,,1644,,,EN,2022-11-06T23:00:00.000Z
WSH_1,SDG 3.9.2 WASH deaths,numeric,AFR,Africa,Country,COM,Comoros,Year,2019,true,Sex,Female,FMLE,,,,,,,,,,165,,,,,,165,,,EN,2022-11-06T23:00:00.000Z
WSH_1,SDG 3.9.2 WASH deaths,numeric,EMR,Eastern Mediterranean,Country,MAR,Morocco,Year,2019,true,Sex,Both sexes,BTSX,,,,,,,,,,1661,,,,,,1661,,,EN,2022-11-06T23:00:00.000Z
WSH_1,SDG 3.9.2 WASH deaths,numeric,AMR,Americas,Country,BLZ,Belize,Year,2019,true,Sex,Both sexes,BTSX,,,,,,,,,,17,,,,,,17,,,EN,2022-11-06T23:00:00.000Z
WSH_1,SDG 3.9.2 WASH deaths,numeric,AFR,Africa,Country,TZA,United Republic of Tanzania,Year,2019,true,Sex,Both sexes,BTSX,,,,,,,,,,17524,,,,,,17 524,,,EN,2022-11-06T23:00:00.000Z
WSH_1,SDG 3.9.2 WASH deaths,numeric,SEAR,South-East Asia,Country,BGD,Bangladesh,Year,2019,true,Sex,Female,FMLE,,,,,,,,,,17593,,,,,,17 593,,,EN,2022-11-06T23:00:00.000Z
WSH_1,SDG 3.9.2 WASH deaths,numeric,AMR,Americas,Country,COL,Colombia,Year,2019,true,Sex,Both sexes,BTSX,,,,,,,,,,1704,,,,,,1704,,,EN,2022-11-06T23:00:00.000Z
WSH_1,SDG 3.9.2 WASH deaths,numeric,AFR,Africa,Country,LBR,Liberia,Year,2019,true,Sex,Both sexes,BTSX,,,,,,,,,,1709,,,,,,1709,,,EN,2022-11-06T23:00:00.000Z
WSH_1,SDG 3.9.2 WASH deaths,numeric,AFR,Africa,Country,MRT,Mauritania,Year,2019,true,Sex,Both sexes,BTSX,,,,,,,,,,1710,,,,,,1710,,,EN,2022-11-06T23:00:00.000Z
WSH_1,SDG 3.9.2 WASH deaths,numeric,AMR,Americas,Country,SLV,El Salvador,Year,2019,true,Sex,Female,FMLE,,,,,,,,,,172,,,,,,172,,,EN,2022-11-06T23:00:00.000Z
WSH_1,SDG 3.9.2 WASH deaths,numeric,EUR,Europe,Country,ARM,Armenia,Year,2019,true,Sex,Both sexes,BTSX,,,,,,,,,,173,,,,,,173,,,EN,2022-11-06T23:00:00.000Z
WSH_1,SDG 3.9.2 WASH deaths,numeric,EUR,Europe,Country,ISR,Israel,Year,2019,true,Sex,Both sexes,BTSX,,,,,,,,,,174,,,,,,174,,,EN,2022-11-06T23:00:00.000Z
WSH_1,SDG 3.9.2 WASH deaths,numeric,EMR,Eastern Mediterranean,Country,TUN,Tunisia,Year,2019,true,Sex,Female,FMLE,,,,,,,,,,174,,,,,,174,,,EN,2022-11-06T23:00:00.000Z
WSH_1,SDG 3.9.2 WASH deaths,numeric,AFR,Africa,Country,DZA,Algeria,Year,2019,true,Sex,Both sexes,BTSX,,,,,,,,,,1744,,,,,,1744,,,EN,2022-11-06T23:00:00.000Z
WSH_1,SDG 3.9.2 WASH deaths,numeric,EMR,Eastern Mediterranean,Country,IRQ,Iraq,Year,2019,true,Sex,Both sexes,BTSX,,,,,,,,,,1745,,,,,,1745,,,EN,2022-11-06T23:00:00.000Z
WSH_1,SDG 3.9.2 WASH deaths,numeric,AMR,Americas,Country,PRY,Paraguay,Year,2019,true,Sex,Male,MLE,,,,,,,,,,175,,,,,,175,,,EN,2022-11-06T23:00:00.000Z
WSH_1,SDG 3.9.2 WASH deaths,numeric,EUR,Europe,Country,AUT,Austria,Year,2019,true,Sex,Both sexes,BTSX,,,,,,,,,,177,,,,,,177,,,EN,2022-11-06T23:00:00.000Z
WSH_1,SDG 3.9.2 WASH deaths,numeric,AFR,Africa,Country,RWA,Rwanda,Year,2019,true,Sex,Male,MLE,,,,,,,,,,1779,,,,,,1779,,,EN,2022-11-06T23:00:00.000Z
WSH_1,SDG 3.9.2 WASH deaths,numeric,WPR,Western Pacific,Country,KIR,Kiribati,Year,2019,true,Sex,Male,MLE,,,,,,,,,,18,,,,,,18,,,EN,2022-11-06T23:00:00.000Z
WSH_1,SDG 3.9.2 WASH deaths,numeric,AFR,Africa,Country,STP,Sao Tome and Principe,Year,2019,true,Sex,Female,FMLE,,,,,,,,,,18,,,,,,18,,,EN,2022-11-06T23:00:00.000Z
WSH_1,SDG 3.9.2 WASH deaths,numeric,AFR,Africa,Country,STP,Sao Tome and Principe,Year,2019,true,Sex,Male,MLE,,,,,,,,,,18,,,,,,18,,,EN,2022-11-06T23:00:00.000Z
WSH_1,SDG 3.9.2 WASH deaths,numeric,AFR,Africa,Country,COD,Democratic Republic of the Congo,Year,2019,true,Sex,Female,FMLE,,,,,,,,,,18067,,,,,,18 067,,,EN,2022-11-06T23:00:00.000Z
WSH_1,SDG 3.9.2 WASH deaths,numeric,WPR,Western Pacific,Country,CHN,China,Year,2019,true,Sex,Male,MLE,,,,,,,,,,18141,,,,,,18 141,,,EN,2022-11-06T23:00:00.000Z
WSH_1,SDG 3.9.2 WASH deaths,numeric,WPR,Western Pacific,Country,PHL,Philippines,Year,2019,true,Sex,Both sexes,BTSX,,,,,,,,,,18240,,,,,,18 240,,,EN,2022-11-06T23:00:00.000Z
WSH_1,SDG 3.9.2 WASH deaths,numeric,AFR,Africa,Country,GNQ,Equatorial Guinea,Year,2019,true,Sex,Female,FMLE,,,,,,,,,,180,,,,,,180,,,EN,2022-11-06T23:00:00.000Z
WSH_1,SDG 3.9.2 WASH deaths,numeric,AMR,Americas,Country,PAN,Panama,Year,2019,true,Sex,Both sexes,BTSX,,,,,,,,,,180,,,,,,180,,,EN,2022-11-06T23:00:00.000Z
WSH_1,SDG 3.9.2 WASH deaths,numeric,EUR,Europe,Country,ITA,Italy,Year,2019,true,Sex,Both sexes,BTSX,,,,,,,,,,1822,,,,,,1822,,,EN,2022-11-06T23:00:00.000Z
WSH_1,SDG 3.9.2 WASH deaths,numeric,EUR,Europe,Country,SRB,Serbia,Year,2019,true,Sex,Male,MLE,,,,,,,,,,183,,,,,,183,,,EN,2022-11-06T23:00:00.000Z
WSH_1,SDG 3.9.2 WASH deaths,numeric,EUR,Europe,Country,GBR,United Kingdom of Great Britain and Northern Ireland,Year,2019,true,Sex,Male,MLE,,,,,,,,,,1858,,,,,,1858,,,EN,2022-11-06T23:00:00.000Z
WSH_1,SDG 3.9.2 WASH deaths,numeric,EUR,Europe,Country,CYP,Cyprus,Year,2019,true,Sex,Both sexes,BTSX,,,,,,,,,,19,,,,,,19,,,EN,2022-11-06T23:00:00.000Z
WSH_1,SDG 3.9.2 WASH deaths,numeric,EUR,Europe,Country,EST,Estonia,Year,2019,true,Sex,Male,MLE,,,,,,,,,,19,,,,,,19,,,EN,2022-11-06T23:00:00.000Z
WSH_1,SDG 3.9.2 WASH deaths,numeric,AFR,Africa,Country,ETH,Ethiopia,Year,2019,true,Sex,Female,FMLE,,,,,,,,,,19953,,,,,,19 953,,,EN,2022-11-06T23:00:00.000Z
WSH_1,SDG 3.9.2 WASH deaths,numeric,EMR,Eastern Mediterranean,Country,TUN,Tunisia,Year,2019,true,Sex,Male,MLE,,,,,,,,,,192,,,,,,192,,,EN,2022-11-06T23:00:00.000Z
WSH_1,SDG 3.9.2 WASH deaths,numeric,EUR,Europe,Country,NOR,Norway,Year,2019,true,Sex,Both sexes,BTSX,,,,,,,,,,194,,,,,,194,,,EN,2022-11-06T23:00:00.000Z
WSH_1,SDG 3.9.2 WASH deaths,numeric,EUR,Europe,Country,HUN,Hungary,Year,2019,true,Sex,Both sexes,BTSX,,,,,,,,,,195,,,,,,195,,,EN,2022-11-06T23:00:00.000Z
WSH_1,SDG 3.9.2 WASH deaths,numeric,EUR,Europe,Country,TKM,Turkmenistan,Year,2019,true,Sex,Male,MLE,,,,,,,,,,195,,,,,,195,,,EN,2022-11-06T23:00:00.000Z
WSH_1,SDG 3.9.2 WASH deaths,numeric,AFR,Africa,Country,SWZ,Eswatini,Year,2019,true,Sex,Female,FMLE,,,,,,,,,,196,,,,,,196,,,EN,2022-11-06T23:00:00.000Z
WSH_1,SDG 3.9.2 WASH deaths,numeric,EMR,Eastern Mediterranean,Country,JOR,Jordan,Year,2019,true,Sex,Both sexes,BTSX,,,,,,,,,,196,,,,,,196,,,EN,2022-11-06T23:00:00.000Z
WSH_1,SDG 3.9.2 WASH deaths,numeric,EUR,Europe,Country,SVK,Slovakia,Year,2019,true,Sex,Both sexes,BTSX,,,,,,,,,,197,,,,,,197,,,EN,2022-11-06T23:00:00.000Z
WSH_1,SDG 3.9.2 WASH deaths,numeric,SEAR,South-East Asia,Country,NPL,Nepal,Year,2019,true,Sex,Male,MLE,,,,,,,,,,1984,,,,,,1984,,,EN,2022-11-06T23:00:00.000Z
WSH_1,SDG 3.9.2 WASH deaths,numeric,SEAR,South-East Asia,Country,IND,India,Year,2019,true,Sex,Male,MLE,,,,,,,,,,199845,,,,,,199 845,,,EN,2022-11-06T23:00:00.000Z
WSH_1,SDG 3.9.2 WASH deaths,numeric,AMR,Americas,Country,ATG,Antigua and Barbuda,Year,2019,true,Sex,Both sexes,BTSX,,,,,,,,,,2,,,,,,2,,,EN,2022-11-06T23:00:00.000Z
WSH_1,SDG 3.9.2 WASH deaths,numeric,EUR,Europe,Country,FIN,Finland,Year,2019,true,Sex,Male,MLE,,,,,,,,,,20,,,,,,20,,,EN,2022-11-06T23:00:00.000Z
WSH_1,SDG 3.9.2 WASH deaths,numeric,EUR,Europe,Country,MLT,Malta,Year,2019,true,Sex,Both sexes,BTSX,,,,,,,,,,20,,,,,,20,,,EN,2022-11-06T23:00:00.000Z
WSH_1,SDG 3.9.2 WASH deaths,numeric,AMR,Americas,Country,SUR,Suriname,Year,2019,true,Sex,Female,FMLE,,,,,,,,,,20,,,,,,20,,,EN,2022-11-06T23:00:00.000Z
WSH_1,SDG 3.9.2 WASH deaths,numeric,SEAR,South-East Asia,Country,IDN,Indonesia,Year,2019,true,Sex,Female,FMLE,,,,,,,,,,20483,,,,,,20 483,,,EN,2022-11-06T23:00:00.000Z
WSH_1,SDG 3.9.2 WASH deaths,numeric,AFR,Africa,Country,TGO,Togo,Year,2019,true,Sex,Male,MLE,,,,,,,,,,2019,,,,,,2019,,,EN,2022-11-06T23:00:00.000Z
WSH_1,SDG 3.9.2 WASH deaths,numeric,EUR,Europe,Country,BGR,Bulgaria,Year,2019,true,Sex,Both sexes,BTSX,,,,,,,,,,203,,,,,,203,,,EN,2022-11-06T23:00:00.000Z
WSH_1,SDG 3.9.2 WASH deaths,numeric,AMR,Americas,Country,CHL,Chile,Year,2019,true,Sex,Male,MLE,,,,,,,,,,203,,,,,,203,,,EN,2022-11-06T23:00:00.000Z
WSH_1,SDG 3.9.2 WASH deaths,numeric,WPR,Western Pacific,Country,MYS,Malaysia,Year,2019,true,Sex,Female,FMLE,,,,,,,,,,2038,,,,,,2038,,,EN,2022-11-06T23:00:00.000Z
WSH_1,SDG 3.9.2 WASH deaths,numeric,AFR,Africa,Country,CAF,Central African Republic,Year,2019,true,Sex,Female,FMLE,,,,,,,,,,2041,,,,,,2041,,,EN,2022-11-06T23:00:00.000Z
WSH_1,SDG 3.9.2 WASH deaths,numeric,EUR,Europe,Country,POL,Poland,Year,2019,true,Sex,Both sexes,BTSX,,,,,,,,,,2045,,,,,,2045,,,EN,2022-11-06T23:00:00.000Z
WSH_1,SDG 3.9.2 WASH deaths,numeric,EUR,Europe,Country,TUR,Türkiye,Year,2019,true,Sex,Both sexes,BTSX,,,,,,,,,,2065,,,,,,2065,,,EN,2022-11-06T23:00:00.000Z
WSH_1,SDG 3.9.2 WASH deaths,numeric,EMR,Eastern Mediterranean,Country,YEM,Yemen,Year,2019,true,Sex,Female,FMLE,,,,,,,,,,2079,,,,,,2079,,,EN,2022-11-06T23:00:00.000Z
WSH_1,SDG 3.9.2 WASH deaths,numeric,EUR,Europe,Country,AZE,Azerbaijan,Year,2019,true,Sex,Male,MLE,,,,,,,,,,208,,,,,,208,,,EN,2022-11-06T23:00:00.000Z
WSH_1,SDG 3.9.2 WASH deaths,numeric,AFR,Africa,Country,COM,Comoros,Year,2019,true,Sex,Male,MLE,,,,,,,,,,208,,,,,,208,,,EN,2022-11-06T23:00:00.000Z
WSH_1,SDG 3.9.2 WASH deaths,numeric,AFR,Africa,Country,ZWE,Zimbabwe,Year,2019,true,Sex,Female,FMLE,,,,,,,,,,2085,,,,,,2085,,,EN,2022-11-06T23:00:00.000Z
WSH_1,SDG 3.9.2 WASH deaths,numeric,WPR,Western Pacific,Country,AUS,Australia,Year,2019,true,Sex,Male,MLE,,,,,,,,,,209,,,,,,209,,,EN,2022-11-06T23:00:00.000Z
WSH_1,SDG 3.9.2 WASH deaths,numeric,AMR,Americas,Country,SUR,Suriname,Year,2019,true,Sex,Male,MLE,,,,,,,,,,21,,,,,,21,,,EN,2022-11-06T23:00:00.000Z
WSH_1,SDG 3.9.2 WASH deaths,numeric,EMR,Eastern Mediterranean,Country,ARE,United Arab Emirates,Year,2019,true,Sex,Female,FMLE,,,,,,,,,,21,,,,,,21,,,EN,2022-11-06T23:00:00.000Z
WSH_1,SDG 3.9.2 WASH deaths,numeric,EMR,Eastern Mediterranean,Country,DJI,Djibouti,Year,2019,true,Sex,Male,MLE,,,,,,,,,,211,,,,,,211,,,EN,2022-11-06T23:00:00.000Z
WSH_1,SDG 3.9.2 WASH deaths,numeric,AMR,Americas,Country,MEX,Mexico,Year,2019,true,Sex,Female,FMLE,,,,,,,,,,2115,,,,,,2115,,,EN,2022-11-06T23:00:00.000Z
WSH_1,SDG 3.9.2 WASH deaths,numeric,EUR,Europe,Country,CZE,Czechia,Year,2019,true,Sex,Female,FMLE,,,,,,,,,,213,,,,,,213,,,EN,2022-11-06T23:00:00.000Z
WSH_1,SDG 3.9.2 WASH deaths,numeric,EUR,Europe,Country,CHE,Switzerland,Year,2019,true,Sex,Both sexes,BTSX,,,,,,,,,,218,,,,,,218,,,EN,2022-11-06T23:00:00.000Z
WSH_1,SDG 3.9.2 WASH deaths,numeric,WPR,Western Pacific,Country,PNG,Papua New Guinea,Year,2019,true,Sex,Both sexes,BTSX,,,,,,,,,,2184,,,,,,2184,,,EN,2022-11-06T23:00:00.000Z
WSH_1,SDG 3.9.2 WASH deaths,numeric,WPR,Western Pacific,Country,SLB,Solomon Islands,Year,2019,true,Sex,Both sexes,BTSX,,,,,,,,,,219,,,,,,219,,,EN,2022-11-06T23:00:00.000Z
WSH_1,SDG 3.9.2 WASH deaths,numeric,EUR,Europe,Country,FRA,France,Year,2019,true,Sex,Both sexes,BTSX,,,,,,,,,,2196,,,,,,2196,,,EN,2022-11-06T23:00:00.000Z
WSH_1,SDG 3.9.2 WASH deaths,numeric,AMR,Americas,Country,BRB,Barbados,Year,2019,true,Sex,Both sexes,BTSX,,,,,,,,,,22,,,,,,22,,,EN,2022-11-06T23:00:00.000Z
WSH_1,SDG 3.9.2 WASH deaths,numeric,EUR,Europe,Country,MKD,The former Yugoslav Republic of Macedonia,Year,2019,true,Sex,Both sexes,BTSX,,,,,,,,,,22,,,,,,22,,,EN,2022-11-06T23:00:00.000Z
WSH_1,SDG 3.9.2 WASH deaths,numeric,AMR,Americas,Country,TTO,Trinidad and Tobago,Year,2019,true,Sex,Both sexes,BTSX,,,,,,,,,,22,,,,,,22,,,EN,2022-11-06T23:00:00.000Z
WSH_1,SDG 3.9.2 WASH deaths,numeric,SEAR,South-East Asia,Country,IDN,Indonesia,Year,2019,true,Sex,Male,MLE,,,,,,,,,,22333,,,,,,22 333,,,EN,2022-11-06T23:00:00.000Z
WSH_1,SDG 3.9.2 WASH deaths,numeric,EMR,Eastern Mediterranean,Country,EGY,Egypt,Year,2019,true,Sex,Female,FMLE,,,,,,,,,,2216,,,,,,2216,,,EN,2022-11-06T23:00:00.000Z
WSH_1,SDG 3.9.2 WASH deaths,numeric,EUR,Europe,Country,CZE,Czechia,Year,2019,true,Sex,Male,MLE,,,,,,,,,,222,,,,,,222,,,EN,2022-11-06T23:00:00.000Z
WSH_1,SDG 3.9.2 WASH deaths,numeric,AFR,Africa,Country,GNQ,Equatorial Guinea,Year,2019,true,Sex,Male,MLE,,,,,,,,,,223,,,,,,223,,,EN,2022-11-06T23:00:00.000Z
WSH_1,SDG 3.9.2 WASH deaths,numeric,AMR,Americas,Country,SLV,El Salvador,Year,2019,true,Sex,Male,MLE,,,,,,,,,,224,,,,,,224,,,EN,2022-11-06T23:00:00.000Z
WSH_1,SDG 3.9.2 WASH deaths,numeric,AMR,Americas,Country,CHL,Chile,Year,2019,true,Sex,Female,FMLE,,,,,,,,,,226,,,,,,226,,,EN,2022-11-06T23:00:00.000Z
WSH_1,SDG 3.9.2 WASH deaths,numeric,EUR,Europe,Country,GBR,United Kingdom of Great Britain and Northern Ireland,Year,2019,true,Sex,Female,FMLE,,,,,,,,,,2265,,,,,,2265,,,EN,2022-11-06T23:00:00.000Z
WSH_1,SDG 3.9.2 WASH deaths,numeric,AMR,Americas,Country,NIC,Nicaragua,Year,2019,true,Sex,Both sexes,BTSX,,,,,,,,,,229,,,,,,229,,,EN,2022-11-06T23:00:00.000Z
WSH_1,SDG 3.9.2 WASH deaths,numeric,AFR,Africa,Country,LSO,Lesotho,Year,2019,true,Sex,Both sexes,BTSX,,,,,,,,,,2297,,,,,,2297,,,EN,2022-11-06T23:00:00.000Z
WSH_1,SDG 3.9.2 WASH deaths,numeric,EUR,Europe,Country,LVA,Latvia,Year,2019,true,Sex,Female,FMLE,,,,,,,,,,23,,,,,,23,,,EN,2022-11-06T23:00:00.000Z
WSH_1,SDG 3.9.2 WASH deaths,numeric,AFR,Africa,Country,SEN,Senegal,Year,2019,true,Sex,Female,FMLE,,,,,,,,,,2300,,,,,,2300,,,EN,2022-11-06T23:00:00.000Z
WSH_1,SDG 3.9.2 WASH deaths,numeric,AFR,Africa,Country,ERI,Eritrea,Year,2019,true,Sex,Both sexes,BTSX,,,,,,,,,,2327,,,,,,2327,,,EN,2022-11-06T23:00:00.000Z
WSH_1,SDG 3.9.2 WASH deaths,numeric,WPR,Western Pacific,Country,SGP,Singapore,Year,2019,true,Sex,Female,FMLE,,,,,,,,,,233,,,,,,233,,,EN,2022-11-06T23:00:00.000Z
WSH_1,SDG 3.9.2 WASH deaths,numeric,AMR,Americas,Country,ARG,Argentina,Year,2019,true,Sex,Male,MLE,,,,,,,,,,2355,,,,,,2355,,,EN,2022-11-06T23:00:00.000Z
WSH_1,SDG 3.9.2 WASH deaths,numeric,AFR,Africa,Country,SLE,Sierra Leone,Year,2019,true,Sex,Female,FMLE,,,,,,,,,,2357,,,,,,2357,,,EN,2022-11-06T23:00:00.000Z
WSH_1,SDG 3.9.2 WASH deaths,numeric,EUR,Europe,Country,DNK,Denmark,Year,2019,true,Sex,Both sexes,BTSX,,,,,,,,,,239,,,,,,239,,,EN,2022-11-06T23:00:00.000Z
WSH_1,SDG 3.9.2 WASH deaths,numeric,AFR,Africa,Country,MWI,Malawi,Year,2019,true,Sex,Female,FMLE,,,,,,,,,,2391,,,,,,2391,,,EN,2022-11-06T23:00:00.000Z
WSH_1,SDG 3.9.2 WASH deaths,numeric,AMR,Americas,Country,MEX,Mexico,Year,2019,true,Sex,Male,MLE,,,,,,,,,,2397,,,,,,2397,,,EN,2022-11-06T23:00:00.000Z
WSH_1,SDG 3.9.2 WASH deaths,numeric,EUR,Europe,Country,FIN,Finland,Year,2019,true,Sex,Female,FMLE,,,,,,,,,,24,,,,,,24,,,EN,2022-11-06T23:00:00.000Z
WSH_1,SDG 3.9.2 WASH deaths,numeric,EMR,Eastern Mediterranean,Country,KWT,Kuwait,Year,2019,true,Sex,Male,MLE,,,,,,,,,,24,,,,,,24,,,EN,2022-11-06T23:00:00.000Z
WSH_1,SDG 3.9.2 WASH deaths,numeric,AFR,Africa,Country,GAB,Gabon,Year,2019,true,Sex,Male,MLE,,,,,,,,,,242,,,,,,242,,,EN,2022-11-06T23:00:00.000Z
WSH_1,SDG 3.9.2 WASH deaths,numeric,EMR,Eastern Mediterranean,Country,IRN,Iran (Islamic Republic of),Year,2019,true,Sex,Both sexes,BTSX,,,,,,,,,,2422,,,,,,2422,,,EN,2022-11-06T23:00:00.000Z
WSH_1,SDG 3.9.2 WASH deaths,numeric,EUR,Europe,Country,KAZ,Kazakhstan,Year,2019,true,Sex,Female,FMLE,,,,,,,,,,244,,,,,,244,,,EN,2022-11-06T23:00:00.000Z
WSH_1,SDG 3.9.2 WASH deaths,numeric,EUR,Europe,Country,NLD,Netherlands,Year,2019,true,Sex,Male,MLE,,,,,,,,,,246,,,,,,246,,,EN,2022-11-06T23:00:00.000Z
WSH_1,SDG 3.9.2 WASH deaths,numeric,AMR,Americas,Country,PER,Peru,Year,2019,true,Sex,Both sexes,BTSX,,,,,,,,,,2467,,,,,,2467,,,EN,2022-11-06T23:00:00.000Z
WSH_1,SDG 3.9.2 WASH deaths,numeric,EMR,Eastern Mediterranean,Country,YEM,Yemen,Year,2019,true,Sex,Male,MLE,,,,,,,,,,2481,,,,,,2481,,,EN,2022-11-06T23:00:00.000Z
WSH_1,SDG 3.9.2 WASH deaths,numeric,AFR,Africa,Country,ETH,Ethiopia,Year,2019,true,Sex,Male,MLE,,,,,,,,,,25646,,,,,,25 646,,,EN,2022-11-06T23:00:00.000Z
WSH_1,SDG 3.9.2 WASH deaths,numeric,AFR,Africa,Country,BWA,Botswana,Year,2019,true,Sex,Female,FMLE,,,,,,,,,,256,,,,,,256,,,EN,2022-11-06T23:00:00.000Z
WSH_1,SDG 3.9.2 WASH deaths,numeric,AFR,Africa,Country,CAF,Central African Republic,Year,2019,true,Sex,Male,MLE,,,,,,,,,,2562,,,,,,2562,,,EN,2022-11-06T23:00:00.000Z
WSH_1,SDG 3.9.2 WASH deaths,numeric,WPR,Western Pacific,Country,MYS,Malaysia,Year,2019,true,Sex,Male,MLE,,,,,,,,,,2567,,,,,,2567,,,EN,2022-11-06T23:00:00.000Z
WSH_1,SDG 3.9.2 WASH deaths,numeric,WPR,Western Pacific,Country,KIR,Kiribati,Year,2019,true,Sex,Female,FMLE,,,,,,,,,,26,,,,,,26,,,EN,2022-11-06T23:00:00.000Z
WSH_1,SDG 3.9.2 WASH deaths,numeric,EUR,Europe,Country,SVN,Slovenia,Year,2019,true,Sex,Female,FMLE,,,,,,,,,,26,,,,,,26,,,EN,2022-11-06T23:00:00.000Z
WSH_1,SDG 3.9.2 WASH deaths,numeric,WPR,Western Pacific,Country,SGP,Singapore,Year,2019,true,Sex,Male,MLE,,,,,,,,,,260,,,,,,260,,,EN,2022-11-06T23:00:00.000Z
WSH_1,SDG 3.9.2 WASH deaths,numeric,EMR,Eastern Mediterranean,Country,EGY,Egypt,Year,2019,true,Sex,Male,MLE,,,,,,,,,,2610,,,,,,2610,,,EN,2022-11-06T23:00:00.000Z
WSH_1,SDG 3.9.2 WASH deaths,numeric,WPR,Western Pacific,Country,AUS,Australia,Year,2019,true,Sex,Female,FMLE,,,,,,,,,,263,,,,,,263,,,EN,2022-11-06T23:00:00.000Z
WSH_1,SDG 3.9.2 WASH deaths,numeric,SEAR,South-East Asia,Country,TLS,Timor-Leste,Year,2019,true,Sex,Both sexes,BTSX,,,,,,,,,,264,,,,,,264,,,EN,2022-11-06T23:00:00.000Z
WSH_1,SDG 3.9.2 WASH deaths,numeric,EUR,Europe,Country,DEU,Germany,Year,2019,true,Sex,Both sexes,BTSX,,,,,,,,,,2648,,,,,,2648,,,EN,2022-11-06T23:00:00.000Z
WSH_1,SDG 3.9.2 WASH deaths,numeric,WPR,Western Pacific,Country,KOR,Republic of Korea,Year,2019,true,Sex,Both sexes,BTSX,,,,,,,,,,2665,,,,,,2665,,,EN,2022-11-06T23:00:00.000Z
WSH_1,SDG 3.9.2 WASH deaths,numeric,AMR,Americas,Country,GTM,Guatemala,Year,2019,true,Sex,Both sexes,BTSX,,,,,,,,,,2684,,,,,,2684,,,EN,2022-11-06T23:00:00.000Z
WSH_1,SDG 3.9.2 WASH deaths,numeric,EUR,Europe,Country,LVA,Latvia,Year,2019,true,Sex,Male,MLE,,,,,,,,,,27,,,,,,27,,,EN,2022-11-06T23:00:00.000Z
WSH_1,SDG 3.9.2 WASH deaths,numeric,AFR,Africa,Country,COD,Democratic Republic of the Congo,Year,2019,true,Sex,Male,MLE,,,,,,,,,,27303,,,,,,27 303,,,EN,2022-11-06T23:00:00.000Z
WSH_1,SDG 3.9.2 WASH deaths,numeric,EUR,Europe,Country,BEL,Belgium,Year,2019,true,Sex,Male,MLE,,,,,,,,,,270,,,,,,270,,,EN,2022-11-06T23:00:00.000Z
WSH_1,SDG 3.9.2 WASH deaths,numeric,AFR,Africa,Country,BDI,Burundi,Year,2019,true,Sex,Female,FMLE,,,,,,,,,,2719,,,,,,2719,,,EN,2022-11-06T23:00:00.000Z
WSH_1,SDG 3.9.2 WASH deaths,numeric,AMR,Americas,Country,ARG,Argentina,Year,2019,true,Sex,Female,FMLE,,,,,,,,,,2771,,,,,,2771,,,EN,2022-11-06T23:00:00.000Z
WSH_1,SDG 3.9.2 WASH deaths,numeric,EMR,Eastern Mediterranean,Country,SAU,Saudi Arabia,Year,2019,true,Sex,Female,FMLE,,,,,,,,,,278,,,,,,278,,,EN,2022-11-06T23:00:00.000Z
WSH_1,SDG 3.9.2 WASH deaths,numeric,AFR,Africa,Country,NAM,Namibia,Year,2019,true,Sex,Female,FMLE,,,,,,,,,,279,,,,,,279,,,EN,2022-11-06T23:00:00.000Z
WSH_1,SDG 3.9.2 WASH deaths,numeric,WPR,Western Pacific,Country,KHM,Cambodia,Year,2019,true,Sex,Both sexes,BTSX,,,,,,,,,,2824,,,,,,2824,,,EN,2022-11-06T23:00:00.000Z
WSH_1,SDG 3.9.2 WASH deaths,numeric,EMR,Eastern Mediterranean,Country,SDN,Sudan,Year,2019,true,Sex,Female,FMLE,,,,,,,,,,2827,,,,,,2827,,,EN,2022-11-06T23:00:00.000Z
WSH_1,SDG 3.9.2 WASH deaths,numeric,AFR,Africa,Country,ZMB,Zambia,Year,2019,true,Sex,Female,FMLE,,,,,,,,,,2859,,,,,,2859,,,EN,2022-11-06T23:00:00.000Z
WSH_1,SDG 3.9.2 WASH deaths,numeric,AFR,Africa,Country,SEN,Senegal,Year,2019,true,Sex,Male,MLE,,,,,,,,,,2873,,,,,,2873,,,EN,2022-11-06T23:00:00.000Z
WSH_1,SDG 3.9.2 WASH deaths,numeric,SEAR,South-East Asia,Country,BGD,Bangladesh,Year,2019,true,Sex,Both sexes,BTSX,,,,,,,,,,29717,,,,,,29 717,,,EN,2022-11-06T23:00:00.000Z
WSH_1,SDG 3.9.2 WASH deaths,numeric,AMR,Americas,Country,HND,Honduras,Year,2019,true,Sex,Male,MLE,,,,,,,,,,292,,,,,,292,,,EN,2022-11-06T23:00:00.000Z
WSH_1,SDG 3.9.2 WASH deaths,numeric,AMR,Americas,Country,HTI,Haiti,Year,2019,true,Sex,Both sexes,BTSX,,,,,,,,,,2921,,,,,,2921,,,EN,2022-11-06T23:00:00.000Z
WSH_1,SDG 3.9.2 WASH deaths,numeric,AFR,Africa,Country,GHA,Ghana,Year,2019,true,Sex,Female,FMLE,,,,,,,,,,2925,,,,,,2925,,,EN,2022-11-06T23:00:00.000Z
WSH_1,SDG 3.9.2 WASH deaths,numeric,AMR,Americas,Country,DOM,Dominican Republic,Year,2019,true,Sex,Female,FMLE,,,,,,,,,,296,,,,,,296,,,EN,2022-11-06T23:00:00.000Z
WSH_1,SDG 3.9.2 WASH deaths,numeric,EMR,Eastern Mediterranean,Country,AFG,Afghanistan,Year,2019,true,Sex,Female,FMLE,,,,,,,,,,2967,,,,,,2967,,,EN,2022-11-06T23:00:00.000Z
WSH_1,SDG 3.9.2 WASH deaths,numeric,SEAR,South-East Asia,Country,IND,India,Year,2019,true,Sex,Female,FMLE,,,,,,,,,,297893,,,,,,297 893,,,EN,2022-11-06T23:00:00.000Z
WSH_1,SDG 3.9.2 WASH deaths,numeric,AMR,Americas,Country,GRD,Grenada,Year,2019,true,Sex,Male,MLE,,,,,,,,,,3,,,,,,3,,,EN,2022-11-06T23:00:00.000Z
WSH_1,SDG 3.9.2 WASH deaths,numeric,AMR,Americas,Country,VCT,Saint Vincent and the Grenadines,Year,2019,true,Sex,Female,FMLE,,,,,,,,,,3,,,,,,3,,,EN,2022-11-06T23:00:00.000Z
WSH_1,SDG 3.9.2 WASH deaths,numeric,AMR,Americas,Country,VCT,Saint Vincent and the Grenadines,Year,2019,true,Sex,Male,MLE,,,,,,,,,,3,,,,,,3,,,EN,2022-11-06T23:00:00.000Z
WSH_1,SDG 3.9.2 WASH deaths,numeric,AFR,Africa,Country,CPV,Cabo Verde,Year,2019,true,Sex,Female,FMLE,,,,,,,,,,30,,,,,,30,,,EN,2022-11-06T23:00:00.000Z
WSH_1,SDG 3.9.2 WASH deaths,numeric,EUR,Europe,Country,SWE,Sweden,Year,2019,true,Sex,Both sexes,BTSX,,,,,,,,,,305,,,,,,305,,,EN,2022-11-06T23:00:00.000Z
WSH_1,SDG 3.9.2 WASH deaths,numeric,AFR,Africa,Country,GMB,Gambia,Year,2019,true,Sex,Female,FMLE,,,,,,,,,,307,,,,,,307,,,EN,2022-11-06T23:00:00.000Z
WSH_1,SDG 3.9.2 WASH deaths,numeric,AFR,Africa,Country,SLE,Sierra Leone,Year,2019,true,Sex,Male,MLE,,,,,,,,,,3076,,,,,,3076,,,EN,2022-11-06T23:00:00.000Z
WSH_1,SDG 3.9.2 WASH deaths,numeric,WPR,Western Pacific,Country,VNM,Viet Nam,Year,2019,true,Sex,Female,FMLE,,,,,,,,,,3079,,,,,,3079,,,EN,2022-11-06T23:00:00.000Z
WSH_1,SDG 3.9.2 WASH deaths,numeric,EUR,Europe,Country,RUS,Russian Federation,Year,2019,true,Sex,Male,MLE,,,,,,,,,,3093,,,,,,3093,,,EN,2022-11-06T23:00:00.000Z
WSH_1,SDG 3.9.2 WASH deaths,numeric,EUR,Europe,Country,BIH,Bosnia and Herzegovina,Year,2019,true,Sex,Female,FMLE,,,,,,,,,,31,,,,,,31,,,EN,2022-11-06T23:00:00.000Z
WSH_1,SDG 3.9.2 WASH deaths,numeric,AMR,Americas,Country,GUY,Guyana,Year,2019,true,Sex,Female,FMLE,,,,,,,,,,31,,,,,,31,,,EN,2022-11-06T23:00:00.000Z
WSH_1,SDG 3.9.2 WASH deaths,numeric,SEAR,South-East Asia,Country,NPL,Nepal,Year,2019,true,Sex,Female,FMLE,,,,,,,,,,3109,,,,,,3109,,,EN,2022-11-06T23:00:00.000Z
WSH_1,SDG 3.9.2 WASH deaths,numeric,SEAR,South-East Asia,Country,MMR,Myanmar,Year,2019,true,Sex,Female,FMLE,,,,,,,,,,3147,,,,,,3147,,,EN,2022-11-06T23:00:00.000Z
WSH_1,SDG 3.9.2 WASH deaths,numeric,AFR,Africa,Country,RWA,Rwanda,Year,2019,true,Sex,Both sexes,BTSX,,,,,,,,,,3157,,,,,,3157,,,EN,2022-11-06T23:00:00.000Z
WSH_1,SDG 3.9.2 WASH deaths,numeric,AMR,Americas,Country,JAM,Jamaica,Year,2019,true,Sex,Female,FMLE,,,,,,,,,,32,,,,,,32,,,EN,2022-11-06T23:00:00.000Z
WSH_1,SDG 3.9.2 WASH deaths,numeric,EMR,Eastern Mediterranean,Country,OMN,Oman,Year,2019,true,Sex,Female,FMLE,,,,,,,,,,32,,,,,,32,,,EN,2022-11-06T23:00:00.000Z
WSH_1,SDG 3.9.2 WASH deaths,numeric,WPR,Western Pacific,Country,CHN,China,Year,2019,true,Sex,Both sexes,BTSX,,,,,,,,,,32083,,,,,,32 083,,,EN,2022-11-06T23:00:00.000Z
WSH_1,SDG 3.9.2 WASH deaths,numeric,AFR,Africa,Country,BEN,Benin,Year,2019,true,Sex,Female,FMLE,,,,,,,,,,3213,,,,,,3213,,,EN,2022-11-06T23:00:00.000Z
WSH_1,SDG 3.9.2 WASH deaths,numeric,AFR,Africa,Country,ZWE,Zimbabwe,Year,2019,true,Sex,Male,MLE,,,,,,,,,,3216,,,,,,3216,,,EN,2022-11-06T23:00:00.000Z
WSH_1,SDG 3.9.2 WASH deaths,numeric,AMR,Americas,Country,DOM,Dominican Republic,Year,2019,true,Sex,Male,MLE,,,,,,,,,,325,,,,,,325,,,EN,2022-11-06T23:00:00.000Z
WSH_1,SDG 3.9.2 WASH deaths,numeric,AMR,Americas,Country,PRY,Paraguay,Year,2019,true,Sex,Both sexes,BTSX,,,,,,,,,,327,,,,,,327,,,EN,2022-11-06T23:00:00.000Z
WSH_1,SDG 3.9.2 WASH deaths,numeric,EUR,Europe,Country,BIH,Bosnia and Herzegovina,Year,2019,true,Sex,Male,MLE,,,,,,,,,,33,,,,,,33,,,EN,2022-11-06T23:00:00.000Z
WSH_1,SDG 3.9.2 WASH deaths,numeric,EMR,Eastern Mediterranean,Country,KWT,Kuwait,Year,2019,true,Sex,Both sexes,BTSX,,,,,,,,,,33,,,,,,33,,,EN,2022-11-06T23:00:00.000Z
WSH_1,SDG 3.9.2 WASH deaths,numeric,EUR,Europe,Country,LTU,Lithuania,Year,2019,true,Sex,Female,FMLE,,,,,,,,,,33,,,,,,33,,,EN,2022-11-06T23:00:00.000Z
WSH_1,SDG 3.9.2 WASH deaths,numeric,AFR,Africa,Country,MUS,Mauritius,Year,2019,true,Sex,Male,MLE,,,,,,,,,,33,,,,,,33,,,EN,2022-11-06T23:00:00.000Z
WSH_1,SDG 3.9.2 WASH deaths,numeric,EUR,Europe,Country,NLD,Netherlands,Year,2019,true,Sex,Female,FMLE,,,,,,,,,,330,,,,,,330,,,EN,2022-11-06T23:00:00.000Z
WSH_1,SDG 3.9.2 WASH deaths,numeric,EUR,Europe,Country,PRT,Portugal,Year,2019,true,Sex,Male,MLE,,,,,,,,,,333,,,,,,333,,,EN,2022-11-06T23:00:00.000Z
WSH_1,SDG 3.9.2 WASH deaths,numeric,AFR,Africa,Country,MWI,Malawi,Year,2019,true,Sex,Male,MLE,,,,,,,,,,3348,,,,,,3348,,,EN,2022-11-06T23:00:00.000Z
WSH_1,SDG 3.9.2 WASH deaths,numeric,EUR,Europe,Country,TKM,Turkmenistan,Year,2019,true,Sex,Both sexes,BTSX,,,,,,,,,,336,,,,,,336,,,EN,2022-11-06T23:00:00.000Z
WSH_1,SDG 3.9.2 WASH deaths,numeric,EMR,Eastern Mediterranean,Country,AFG,Afghanistan,Year,2019,true,Sex,Male,MLE,,,,,,,,,,3363,,,,,,3363,,,EN,2022-11-06T23:00:00.000Z
WSH_1,SDG 3.9.2 WASH deaths,numeric,AFR,Africa,Country,SWZ,Eswatini,Year,2019,true,Sex,Male,MLE,,,,,,,,,,337,,,,,,337,,,EN,2022-11-06T23:00:00.000Z
WSH_1,SDG 3.9.2 WASH deaths,numeric,EUR,Europe,Country,GRC,Greece,Year,2019,true,Sex,Male,MLE,,,,,,,,,,337,,,,,,337,,,EN,2022-11-06T23:00:00.000Z
WSH_1,SDG 3.9.2 WASH deaths,numeric,EUR,Europe,Country,SRB,Serbia,Year,2019,true,Sex,Both sexes,BTSX,,,,,,,,,,339,,,,,,339,,,EN,2022-11-06T23:00:00.000Z
WSH_1,SDG 3.9.2 WASH deaths,numeric,EUR,Europe,Country,EST,Estonia,Year,2019,true,Sex,Both sexes,BTSX,,,,,,,,,,34,,,,,,34,,,EN,2022-11-06T23:00:00.000Z
WSH_1,SDG 3.9.2 WASH deaths,numeric,AMR,Americas,Country,USA,United States of America,Year,2019,true,Sex,Male,MLE,,,,,,,,,,3412,,,,,,3412,,,EN,2022-11-06T23:00:00.000Z
WSH_1,SDG 3.9.2 WASH deaths,numeric,AFR,Africa,Country,BDI,Burundi,Year,2019,true,Sex,Male,MLE,,,,,,,,,,3421,,,,,,3421,,,EN,2022-11-06T23:00:00.000Z
WSH_1,SDG 3.9.2 WASH deaths,numeric,AFR,Africa,Country,TGO,Togo,Year,2019,true,Sex,Both sexes,BTSX,,,,,,,,,,3427,,,,,,3427,,,EN,2022-11-06T23:00:00.000Z
WSH_1,SDG 3.9.2 WASH deaths,numeric,EUR,Europe,Country,BEL,Belgium,Year,2019,true,Sex,Female,FMLE,,,,,,,,,,343,,,,,,343,,,EN,2022-11-06T23:00:00.000Z
WSH_1,SDG 3.9.2 WASH deaths,numeric,AFR,Africa,Country,SSD,South Sudan,Year,2019,true,Sex,Female,FMLE,,,,,,,,,,3496,,,,,,3496,,,EN,2022-11-06T23:00:00.000Z
WSH_1,SDG 3.9.2 WASH deaths,numeric,AMR,Americas,Country,JAM,Jamaica,Year,2019,true,Sex,Male,MLE,,,,,,,,,,35,,,,,,35,,,EN,2022-11-06T23:00:00.000Z
WSH_1,SDG 3.9.2 WASH deaths,numeric,AFR,Africa,Country,ZMB,Zambia,Year,2019,true,Sex,Male,MLE,,,,,,,,,,3529,,,,,,3529,,,EN,2022-11-06T23:00:00.000Z
WSH_1,SDG 3.9.2 WASH deaths,numeric,EUR,Europe,Country,KAZ,Kazakhstan,Year,2019,true,Sex,Male,MLE,,,,,,,,,,354,,,,,,354,,,EN,2022-11-06T23:00:00.000Z
WSH_1,SDG 3.9.2 WASH deaths,numeric,EUR,Europe,Country,UKR,Ukraine,Year,2019,true,Sex,Female,FMLE,,,,,,,,,,355,,,,,,355,,,EN,2022-11-06T23:00:00.000Z
WSH_1,SDG 3.9.2 WASH deaths,numeric,EUR,Europe,Country,PRT,Portugal,Year,2019,true,Sex,Female,FMLE,,,,,,,,,,358,,,,,,358,,,EN,2022-11-06T23:00:00.000Z
WSH_1,SDG 3.9.2 WASH deaths,numeric,WPR,Western Pacific,Country,VNM,Viet Nam,Year,2019,true,Sex,Male,MLE,,,,,,,,,,3597,,,,,,3597,,,EN,2022-11-06T23:00:00.000Z
WSH_1,SDG 3.9.2 WASH deaths,numeric,AFR,Africa,Country,CPV,Cabo Verde,Year,2019,true,Sex,Male,MLE,,,,,,,,,,36,,,,,,36,,,EN,2022-11-06T23:00:00.000Z
WSH_1,SDG 3.9.2 WASH deaths,numeric,AMR,Americas,Country,GUY,Guyana,Year,2019,true,Sex,Male,MLE,,,,,,,,,,36,,,,,,36,,,EN,2022-11-06T23:00:00.000Z
WSH_1,SDG 3.9.2 WASH deaths,numeric,AFR,Africa,Country,STP,Sao Tome and Principe,Year,2019,true,Sex,Both sexes,BTSX,,,,,,,,,,36,,,,,,36,,,EN,2022-11-06T23:00:00.000Z
WSH_1,SDG 3.9.2 WASH deaths,numeric,AFR,Africa,Country,GIN,Guinea,Year,2019,true,Sex,Female,FMLE,,,,,,,,,,3616,,,,,,3616,,,EN,2022-11-06T23:00:00.000Z
WSH_1,SDG 3.9.2 WASH deaths,numeric,AFR,Africa,Country,BWA,Botswana,Year,2019,true,Sex,Male,MLE,,,,,,,,,,362,,,,,,362,,,EN,2022-11-06T23:00:00.000Z
WSH_1,SDG 3.9.2 WASH deaths,numeric,EMR,Eastern Mediterranean,Country,TUN,Tunisia,Year,2019,true,Sex,Both sexes,BTSX,,,,,,,,,,365,,,,,,365,,,EN,2022-11-06T23:00:00.000Z
WSH_1,SDG 3.9.2 WASH deaths,numeric,EUR,Europe,Country,AZE,Azerbaijan,Year,2019,true,Sex,Both sexes,BTSX,,,,,,,,,,366,,,,,,366,,,EN,2022-11-06T23:00:00.000Z
WSH_1,SDG 3.9.2 WASH deaths,numeric,EMR,Eastern Mediterranean,Country,DJI,Djibouti,Year,2019,true,Sex,Both sexes,BTSX,,,,,,,,,,366,,,,,,366,,,EN,2022-11-06T23:00:00.000Z
WSH_1,SDG 3.9.2 WASH deaths,numeric,AFR,Africa,Country,MUS,Mauritius,Year,2019,true,Sex,Female,FMLE,,,,,,,,,,37,,,,,,37,,,EN,2022-11-06T23:00:00.000Z
WSH_1,SDG 3.9.2 WASH deaths,numeric,WPR,Western Pacific,Country,VUT,Vanuatu,Year,2019,true,Sex,Female,FMLE,,,,,,,,,,37,,,,,,37,,,EN,2022-11-06T23:00:00.000Z
WSH_1,SDG 3.9.2 WASH deaths,numeric,EUR,Europe,Country,TJK,Tajikistan,Year,2019,true,Sex,Female,FMLE,,,,,,,,,,370,,,,,,370,,,EN,2022-11-06T23:00:00.000Z
WSH_1,SDG 3.9.2 WASH deaths,numeric,AFR,Africa,Country,COM,Comoros,Year,2019,true,Sex,Both sexes,BTSX,,,,,,,,,,373,,,,,,373,,,EN,2022-11-06T23:00:00.000Z
WSH_1,SDG 3.9.2 WASH deaths,numeric,AFR,Africa,Country,GIN,Guinea,Year,2019,true,Sex,Male,MLE,,,,,,,,,,3761,,,,,,3761,,,EN,2022-11-06T23:00:00.000Z
WSH_1,SDG 3.9.2 WASH deaths,numeric,WPR,Western Pacific,Country,VUT,Vanuatu,Year,2019,true,Sex,Male,MLE,,,,,,,,,,38,,,,,,38,,,EN,2022-11-06T23:00:00.000Z
WSH_1,SDG 3.9.2 WASH deaths,numeric,AFR,Africa,Country,GAB,Gabon,Year,2019,true,Sex,Both sexes,BTSX,,,,,,,,,,380,,,,,,380,,,EN,2022-11-06T23:00:00.000Z
WSH_1,SDG 3.9.2 WASH deaths,numeric,SEAR,South-East Asia,Country,MMR,Myanmar,Year,2019,true,Sex,Male,MLE,,,,,,,,,,3823,,,,,,3823,,,EN,2022-11-06T23:00:00.000Z
WSH_1,SDG 3.9.2 WASH deaths,numeric,EMR,Eastern Mediterranean,Country,SAU,Saudi Arabia,Year,2019,true,Sex,Male,MLE,,,,,,,,,,383,,,,,,383,,,EN,2022-11-06T23:00:00.000Z
WSH_1,SDG 3.9.2 WASH deaths,numeric,AMR,Americas,Country,CAN,Canada,Year,2019,true,Sex,Male,MLE,,,,,,,,,,385,,,,,,385,,,EN,2022-11-06T23:00:00.000Z
WSH_1,SDG 3.9.2 WASH deaths,numeric,AFR,Africa,Country,GMB,Gambia,Year,2019,true,Sex,Male,MLE,,,,,,,,,,386,,,,,,386,,,EN,2022-11-06T23:00:00.000Z
WSH_1,SDG 3.9.2 WASH deaths,numeric,AFR,Africa,Country,BEN,Benin,Year,2019,true,Sex,Male,MLE,,,,,,,,,,3889,,,,,,3889,,,EN,2022-11-06T23:00:00.000Z
WSH_1,SDG 3.9.2 WASH deaths,numeric,EUR,Europe,Country,LTU,Lithuania,Year,2019,true,Sex,Male,MLE,,,,,,,,,,39,,,,,,39,,,EN,2022-11-06T23:00:00.000Z
WSH_1,SDG 3.9.2 WASH deaths,numeric,EUR,Europe,Country,MDA,Republic of Moldova,Year,2019,true,Sex,Female,FMLE,,,,,,,,,,39,,,,,,39,,,EN,2022-11-06T23:00:00.000Z
WSH_1,SDG 3.9.2 WASH deaths,numeric,EMR,Eastern Mediterranean,Country,PAK,Pakistan,Year,2019,true,Sex,Female,FMLE,,,,,,,,,,39790,,,,,,39 790,,,EN,2022-11-06T23:00:00.000Z
WSH_1,SDG 3.9.2 WASH deaths,numeric,EMR,Eastern Mediterranean,Country,SDN,Sudan,Year,2019,true,Sex,Male,MLE,,,,,,,,,,3927,,,,,,3927,,,EN,2022-11-06T23:00:00.000Z
WSH_1,SDG 3.9.2 WASH deaths,numeric,AMR,Americas,Country,ECU,Ecuador,Year,2019,true,Sex,Male,MLE,,,,,,,,,,395,,,,,,395,,,EN,2022-11-06T23:00:00.000Z
WSH_1,SDG 3.9.2 WASH deaths,numeric,AMR,Americas,Country,SLV,El Salvador,Year,2019,true,Sex,Both sexes,BTSX,,,,,,,,,,396,,,,,,396,,,EN,2022-11-06T23:00:00.000Z
WSH_1,SDG 3.9.2 WASH deaths,numeric,WPR,Western Pacific,Country,BRN,Brunei Darussalam,Year,2019,true,Sex,Female,FMLE,,,,,,,,,,4,,,,,,4,,,EN,2022-11-06T23:00:00.000Z
WSH_1,SDG 3.9.2 WASH deaths,numeric,WPR,Western Pacific,Country,BRN,Brunei Darussalam,Year,2019,true,Sex,Male,MLE,,,,,,,,,,4,,,,,,4,,,EN,2022-11-06T23:00:00.000Z
WSH_1,SDG 3.9.2 WASH deaths,numeric,AMR,Americas,Country,GRD,Grenada,Year,2019,true,Sex,Female,FMLE,,,,,,,,,,4,,,,,,4,,,EN,2022-11-06T23:00:00.000Z
WSH_1,SDG 3.9.2 WASH deaths,numeric,EUR,Europe,Country,ISL,Iceland,Year,2019,true,Sex,Female,FMLE,,,,,,,,,,4,,,,,,4,,,EN,2022-11-06T23:00:00.000Z
WSH_1,SDG 3.9.2 WASH deaths,numeric,EUR,Europe,Country,ISL,Iceland,Year,2019,true,Sex,Male,MLE,,,,,,,,,,4,,,,,,4,,,EN,2022-11-06T23:00:00.000Z
WSH_1,SDG 3.9.2 WASH deaths,numeric,AMR,Americas,Country,LCA,Saint Lucia,Year,2019,true,Sex,Female,FMLE,,,,,,,,,,4,,,,,,4,,,EN,2022-11-06T23:00:00.000Z
WSH_1,SDG 3.9.2 WASH deaths,numeric,AFR,Africa,Country,SYC,Seychelles,Year,2019,true,Sex,Female,FMLE,,,,,,,,,,4,,,,,,4,,,EN,2022-11-06T23:00:00.000Z
WSH_1,SDG 3.9.2 WASH deaths,numeric,AFR,Africa,Country,SYC,Seychelles,Year,2019,true,Sex,Male,MLE,,,,,,,,,,4,,,,,,4,,,EN,2022-11-06T23:00:00.000Z
WSH_1,SDG 3.9.2 WASH deaths,numeric,WPR,Western Pacific,Country,TON,Tonga,Year,2019,true,Sex,Female,FMLE,,,,,,,,,,4,,,,,,4,,,EN,2022-11-06T23:00:00.000Z
WSH_1,SDG 3.9.2 WASH deaths,numeric,WPR,Western Pacific,Country,TON,Tonga,Year,2019,true,Sex,Male,MLE,,,,,,,,,,4,,,,,,4,,,EN,2022-11-06T23:00:00.000Z
WSH_1,SDG 3.9.2 WASH deaths,numeric,EUR,Europe,Country,SVN,Slovenia,Year,2019,true,Sex,Both sexes,BTSX,,,,,,,,,,40,,,,,,40,,,EN,2022-11-06T23:00:00.000Z
WSH_1,SDG 3.9.2 WASH deaths,numeric,AMR,Americas,Country,USA,United States of America,Year,2019,true,Sex,Female,FMLE,,,,,,,,,,4012,,,,,,4012,,,EN,2022-11-06T23:00:00.000Z
WSH_1,SDG 3.9.2 WASH deaths,numeric,AFR,Africa,Country,GNQ,Equatorial Guinea,Year,2019,true,Sex,Both sexes,BTSX,,,,,,,,,,403,,,,,,403,,,EN,2022-11-06T23:00:00.000Z
WSH_1,SDG 3.9.2 WASH deaths,numeric,AMR,Americas,Country,HND,Honduras,Year,2019,true,Sex,Female,FMLE,,,,,,,,,,403,,,,,,403,,,EN,2022-11-06T23:00:00.000Z
WSH_1,SDG 3.9.2 WASH deaths,numeric,AFR,Africa,Country,SSD,South Sudan,Year,2019,true,Sex,Male,MLE,,,,,,,,,,4035,,,,,,4035,,,EN,2022-11-06T23:00:00.000Z
WSH_1,SDG 3.9.2 WASH deaths,numeric,SEAR,South-East Asia,Country,THA,Thailand,Year,2019,true,Sex,Female,FMLE,,,,,,,,,,4044,,,,,,4044,,,EN,2022-11-06T23:00:00.000Z
WSH_1,SDG 3.9.2 WASH deaths,numeric,EUR,Europe,Country,UZB,Uzbekistan,Year,2019,true,Sex,Female,FMLE,,,,,,,,,,407,,,,,,407,,,EN,2022-11-06T23:00:00.000Z
WSH_1,SDG 3.9.2 WASH deaths,numeric,AMR,Americas,Country,SUR,Suriname,Year,2019,true,Sex,Both sexes,BTSX,,,,,,,,,,41,,,,,,41,,,EN,2022-11-06T23:00:00.000Z
WSH_1,SDG 3.9.2 WASH deaths,numeric,EUR,Europe,Country,GBR,United Kingdom of Great Britain and Northern Ireland,Year,2019,true,Sex,Both sexes,BTSX,,,,,,,,,,4123,,,,,,4123,,,EN,2022-11-06T23:00:00.000Z
WSH_1,SDG 3.9.2 WASH deaths,numeric,SEAR,South-East Asia,Country,THA,Thailand,Year,2019,true,Sex,Male,MLE,,,,,,,,,,4172,,,,,,4172,,,EN,2022-11-06T23:00:00.000Z
WSH_1,SDG 3.9.2 WASH deaths,numeric,WPR,Western Pacific,Country,MNG,Mongolia,Year,2019,true,Sex,Female,FMLE,,,,,,,,,,42,,,,,,42,,,EN,2022-11-06T23:00:00.000Z
WSH_1,SDG 3.9.2 WASH deaths,numeric,WPR,Western Pacific,Country,NZL,New Zealand,Year,2019,true,Sex,Male,MLE,,,,,,,,,,42,,,,,,42,,,EN,2022-11-06T23:00:00.000Z
WSH_1,SDG 3.9.2 WASH deaths,numeric,SEAR,South-East Asia,Country,IDN,Indonesia,Year,2019,true,Sex,Both sexes,BTSX,,,,,,,,,,42816,,,,,,42 816,,,EN,2022-11-06T23:00:00.000Z
WSH_1,SDG 3.9.2 WASH deaths,numeric,AMR,Americas,Country,ECU,Ecuador,Year,2019,true,Sex,Female,FMLE,,,,,,,,,,420,,,,,,420,,,EN,2022-11-06T23:00:00.000Z
WSH_1,SDG 3.9.2 WASH deaths,numeric,AMR,Americas,Country,CHL,Chile,Year,2019,true,Sex,Both sexes,BTSX,,,,,,,,,,429,,,,,,429,,,EN,2022-11-06T23:00:00.000Z
WSH_1,SDG 3.9.2 WASH deaths,numeric,EUR,Europe,Country,ALB,Albania,Year,2019,true,Sex,Male,MLE,,,,,,,,,,43,,,,,,43,,,EN,2022-11-06T23:00:00.000Z
WSH_1,SDG 3.9.2 WASH deaths,numeric,EUR,Europe,Country,HRV,Croatia,Year,2019,true,Sex,Male,MLE,,,,,,,,,,43,,,,,,43,,,EN,2022-11-06T23:00:00.000Z
WSH_1,SDG 3.9.2 WASH deaths,numeric,EUR,Europe,Country,CZE,Czechia,Year,2019,true,Sex,Both sexes,BTSX,,,,,,,,,,435,,,,,,435,,,EN,2022-11-06T23:00:00.000Z
WSH_1,SDG 3.9.2 WASH deaths,numeric,WPR,Western Pacific,Country,FJI,Fiji,Year,2019,true,Sex,Female,FMLE,,,,,,,,,,44,,,,,,44,,,EN,2022-11-06T23:00:00.000Z
WSH_1,SDG 3.9.2 WASH deaths,numeric,EUR,Europe,Country,FIN,Finland,Year,2019,true,Sex,Both sexes,BTSX,,,,,,,,,,44,,,,,,44,,,EN,2022-11-06T23:00:00.000Z
WSH_1,SDG 3.9.2 WASH deaths,numeric,WPR,Western Pacific,Country,KIR,Kiribati,Year,2019,true,Sex,Both sexes,BTSX,,,,,,,,,,44,,,,,,44,,,EN,2022-11-06T23:00:00.000Z
WSH_1,SDG 3.9.2 WASH deaths,numeric,EMR,Eastern Mediterranean,Country,PAK,Pakistan,Year,2019,true,Sex,Male,MLE,,,,,,,,,,44228,,,,,,44 228,,,EN,2022-11-06T23:00:00.000Z
WSH_1,SDG 3.9.2 WASH deaths,numeric,AFR,Africa,Country,NAM,Namibia,Year,2019,true,Sex,Male,MLE,,,,,,,,,,440,,,,,,440,,,EN,2022-11-06T23:00:00.000Z
WSH_1,SDG 3.9.2 WASH deaths,numeric,AFR,Africa,Country,COD,Democratic Republic of the Congo,Year,2019,true,Sex,Both sexes,BTSX,,,,,,,,,,45371,,,,,,45 371,,,EN,2022-11-06T23:00:00.000Z
WSH_1,SDG 3.9.2 WASH deaths,numeric,AFR,Africa,Country,ETH,Ethiopia,Year,2019,true,Sex,Both sexes,BTSX,,,,,,,,,,45599,,,,,,45 599,,,EN,2022-11-06T23:00:00.000Z
WSH_1,SDG 3.9.2 WASH deaths,numeric,AMR,Americas,Country,MEX,Mexico,Year,2019,true,Sex,Both sexes,BTSX,,,,,,,,,,4512,,,,,,4512,,,EN,2022-11-06T23:00:00.000Z
WSH_1,SDG 3.9.2 WASH deaths,numeric,EMR,Eastern Mediterranean,Country,YEM,Yemen,Year,2019,true,Sex,Both sexes,BTSX,,,,,,,,,,4560,,,,,,4560,,,EN,2022-11-06T23:00:00.000Z
WSH_1,SDG 3.9.2 WASH deaths,numeric,AFR,Africa,Country,CAF,Central African Republic,Year,2019,true,Sex,Both sexes,BTSX,,,,,,,,,,4603,,,,,,4603,,,EN,2022-11-06T23:00:00.000Z
WSH_1,SDG 3.9.2 WASH deaths,numeric,WPR,Western Pacific,Country,MYS,Malaysia,Year,2019,true,Sex,Both sexes,BTSX,,,,,,,,,,4605,,,,,,4605,,,EN,2022-11-06T23:00:00.000Z
WSH_1,SDG 3.9.2 WASH deaths,numeric,EUR,Europe,Country,GRC,Greece,Year,2019,true,Sex,Female,FMLE,,,,,,,,,,462,,,,,,462,,,EN,2022-11-06T23:00:00.000Z
WSH_1,SDG 3.9.2 WASH deaths,numeric,SEAR,South-East Asia,Country,PRK,Democratic People's Republic of Korea,Year,2019,true,Sex,Male,MLE,,,,,,,,,,469,,,,,,469,,,EN,2022-11-06T23:00:00.000Z
WSH_1,SDG 3.9.2 WASH deaths,numeric,EUR,Europe,Country,TJK,Tajikistan,Year,2019,true,Sex,Male,MLE,,,,,,,,,,469,,,,,,469,,,EN,2022-11-06T23:00:00.000Z
WSH_1,SDG 3.9.2 WASH deaths,numeric,AFR,Africa,Country,GNB,Guinea-Bissau,Year,2019,true,Sex,Female,FMLE,,,,,,,,,,470,,,,,,470,,,EN,2022-11-06T23:00:00.000Z
WSH_1,SDG 3.9.2 WASH deaths,numeric,AMR,Americas,Country,CAN,Canada,Year,2019,true,Sex,Female,FMLE,,,,,,,,,,471,,,,,,471,,,EN,2022-11-06T23:00:00.000Z
WSH_1,SDG 3.9.2 WASH deaths,numeric,WPR,Western Pacific,Country,AUS,Australia,Year,2019,true,Sex,Both sexes,BTSX,,,,,,,,,,472,,,,,,472,,,EN,2022-11-06T23:00:00.000Z
WSH_1,SDG 3.9.2 WASH deaths,numeric,AFR,Africa,Country,GHA,Ghana,Year,2019,true,Sex,Male,MLE,,,,,,,,,,4728,,,,,,4728,,,EN,2022-11-06T23:00:00.000Z
WSH_1,SDG 3.9.2 WASH deaths,numeric,EUR,Europe,Country,RUS,Russian Federation,Year,2019,true,Sex,Both sexes,BTSX,,,,,,,,,,4737,,,,,,4737,,,EN,2022-11-06T23:00:00.000Z
WSH_1,SDG 3.9.2 WASH deaths,numeric,EMR,Eastern Mediterranean,Country,OMN,Oman,Year,2019,true,Sex,Male,MLE,,,,,,,,,,48,,,,,,48,,,EN,2022-11-06T23:00:00.000Z
WSH_1,SDG 3.9.2 WASH deaths,numeric,AFR,Africa,Country,GNB,Guinea-Bissau,Year,2019,true,Sex,Male,MLE,,,,,,,,,,480,,,,,,480,,,EN,2022-11-06T23:00:00.000Z
WSH_1,SDG 3.9.2 WASH deaths,numeric,EMR,Eastern Mediterranean,Country,EGY,Egypt,Year,2019,true,Sex,Both sexes,BTSX,,,,,,,,,,4826,,,,,,4826,,,EN,2022-11-06T23:00:00.000Z
WSH_1,SDG 3.9.2 WASH deaths,numeric,WPR,Western Pacific,Country,SGP,Singapore,Year,2019,true,Sex,Both sexes,BTSX,,,,,,,,,,493,,,,,,493,,,EN,2022-11-06T23:00:00.000Z
WSH_1,SDG 3.9.2 WASH deaths,numeric,AFR,Africa,Country,MDG,Madagascar,Year,2019,true,Sex,Female,FMLE,,,,,,,,,,4952,,,,,,4952,,,EN,2022-11-06T23:00:00.000Z
WSH_1,SDG 3.9.2 WASH deaths,numeric,SEAR,South-East Asia,Country,IND,India,Year,2019,true,Sex,Both sexes,BTSX,,,,,,,,,,497738,,,,,,497 738,,,EN,2022-11-06T23:00:00.000Z
WSH_1,SDG 3.9.2 WASH deaths,numeric,AMR,Americas,Country,BHS,Bahamas,Year,2019,true,Sex,Female,FMLE,,,,,,,,,,5,,,,,,5,,,EN,2022-11-06T23:00:00.000Z
WSH_1,SDG 3.9.2 WASH deaths,numeric,EMR,Eastern Mediterranean,Country,BHR,Bahrain,Year,2019,true,Sex,Female,FMLE,,,,,,,,,,5,,,,,,5,,,EN,2022-11-06T23:00:00.000Z
WSH_1,SDG 3.9.2 WASH deaths,numeric,EUR,Europe,Country,LUX,Luxembourg,Year,2019,true,Sex,Male,MLE,,,,,,,,,,5,,,,,,5,,,EN,2022-11-06T23:00:00.000Z
WSH_1,SDG 3.9.2 WASH deaths,numeric,SEAR,South-East Asia,Country,MDV,Maldives,Year,2019,true,Sex,Female,FMLE,,,,,,,,,,5,,,,,,5,,,EN,2022-11-06T23:00:00.000Z
WSH_1,SDG 3.9.2 WASH deaths,numeric,EUR,Europe,Country,MNE,Montenegro,Year,2019,true,Sex,Female,FMLE,,,,,,,,,,5,,,,,,5,,,EN,2022-11-06T23:00:00.000Z
WSH_1,SDG 3.9.2 WASH deaths,numeric,EMR,Eastern Mediterranean,Country,QAT,Qatar,Year,2019,true,Sex,Female,FMLE,,,,,,,,,,5,,,,,,5,,,EN,2022-11-06T23:00:00.000Z
WSH_1,SDG 3.9.2 WASH deaths,numeric,EUR,Europe,Country,ALB,Albania,Year,2019,true,Sex,Female,FMLE,,,,,,,,,,50,,,,,,50,,,EN,2022-11-06T23:00:00.000Z
WSH_1,SDG 3.9.2 WASH deaths,numeric,EUR,Europe,Country,LVA,Latvia,Year,2019,true,Sex,Both sexes,BTSX,,,,,,,,,,50,,,,,,50,,,EN,2022-11-06T23:00:00.000Z
WSH_1,SDG 3.9.2 WASH deaths,numeric,SEAR,South-East Asia,Country,LKA,Sri Lanka,Year,2019,true,Sex,Female,FMLE,,,,,,,,,,502,,,,,,502,,,EN,2022-11-06T23:00:00.000Z
WSH_1,SDG 3.9.2 WASH deaths,numeric,SEAR,South-East Asia,Country,NPL,Nepal,Year,2019,true,Sex,Both sexes,BTSX,,,,,,,,,,5093,,,,,,5093,,,EN,2022-11-06T23:00:00.000Z
WSH_1,SDG 3.9.2 WASH deaths,numeric,AFR,Africa,Country,CIV,Côte d’Ivoire,Year,2019,true,Sex,Female,FMLE,,,,,,,,,,5095,,,,,,5095,,,EN,2022-11-06T23:00:00.000Z
WSH_1,SDG 3.9.2 WASH deaths,numeric,WPR,Western Pacific,Country,JPN,Japan,Year,2019,true,Sex,Female,FMLE,,,,,,,,,,5122,,,,,,5122,,,EN,2022-11-06T23:00:00.000Z
WSH_1,SDG 3.9.2 WASH deaths,numeric,AMR,Americas,Country,ARG,Argentina,Year,2019,true,Sex,Both sexes,BTSX,,,,,,,,,,5126,,,,,,5126,,,EN,2022-11-06T23:00:00.000Z
WSH_1,SDG 3.9.2 WASH deaths,numeric,AFR,Africa,Country,SEN,Senegal,Year,2019,true,Sex,Both sexes,BTSX,,,,,,,,,,5173,,,,,,5173,,,EN,2022-11-06T23:00:00.000Z
WSH_1,SDG 3.9.2 WASH deaths,numeric,WPR,Western Pacific,Country,FJI,Fiji,Year,2019,true,Sex,Male,MLE,,,,,,,,,,52,,,,,,52,,,EN,2022-11-06T23:00:00.000Z
WSH_1,SDG 3.9.2 WASH deaths,numeric,SEAR,South-East Asia,Country,LKA,Sri Lanka,Year,2019,true,Sex,Male,MLE,,,,,,,,,,528,,,,,,528,,,EN,2022-11-06T23:00:00.000Z
WSH_1,SDG 3.9.2 WASH deaths,numeric,AFR,Africa,Country,UGA,Uganda,Year,2019,true,Sex,Female,FMLE,,,,,,,,,,5282,,,,,,5282,,,EN,2022-11-06T23:00:00.000Z
WSH_1,SDG 3.9.2 WASH deaths,numeric,AFR,Africa,Country,ZWE,Zimbabwe,Year,2019,true,Sex,Both sexes,BTSX,,,,,,,,,,5301,,,,,,5301,,,EN,2022-11-06T23:00:00.000Z
WSH_1,SDG 3.9.2 WASH deaths,numeric,AFR,Africa,Country,SWZ,Eswatini,Year,2019,true,Sex,Both sexes,BTSX,,,,,,,,,,533,,,,,,533,,,EN,2022-11-06T23:00:00.000Z
WSH_1,SDG 3.9.2 WASH deaths,numeric,AMR,Americas,Country,CUB,Cuba,Year,2019,true,Sex,Female,FMLE,,,,,,,,,,537,,,,,,537,,,EN,2022-11-06T23:00:00.000Z
WSH_1,SDG 3.9.2 WASH deaths,numeric,SEAR,South-East Asia,Country,BTN,Bhutan,Year,2019,true,Sex,Female,FMLE,,,,,,,,,,54,,,,,,54,,,EN,2022-11-06T23:00:00.000Z
WSH_1,SDG 3.9.2 WASH deaths,numeric,AFR,Africa,Country,SLE,Sierra Leone,Year,2019,true,Sex,Both sexes,BTSX,,,,,,,,,,5433,,,,,,5433,,,EN,2022-11-06T23:00:00.000Z
WSH_1,SDG 3.9.2 WASH deaths,numeric,AFR,Africa,Country,CMR,Cameroon,Year,2019,true,Sex,Female,FMLE,,,,,,,,,,5481,,,,,,5481,,,EN,2022-11-06T23:00:00.000Z
WSH_1,SDG 3.9.2 WASH deaths,numeric,EUR,Europe,Country,UZB,Uzbekistan,Year,2019,true,Sex,Male,MLE,,,,,,,,,,550,,,,,,550,,,EN,2022-11-06T23:00:00.000Z
WSH_1,SDG 3.9.2 WASH deaths,numeric,WPR,Western Pacific,Country,JPN,Japan,Year,2019,true,Sex,Male,MLE,,,,,,,,,,5577,,,,,,5577,,,EN,2022-11-06T23:00:00.000Z
WSH_1,SDG 3.9.2 WASH deaths,numeric,AMR,Americas,Country,CUB,Cuba,Year,2019,true,Sex,Male,MLE,,,,,,,,,,566,,,,,,566,,,EN,2022-11-06T23:00:00.000Z
WSH_1,SDG 3.9.2 WASH deaths,numeric,AFR,Africa,Country,MOZ,Mozambique,Year,2019,true,Sex,Female,FMLE,,,,,,,,,,5719,,,,,,5719,,,EN,2022-11-06T23:00:00.000Z
WSH_1,SDG 3.9.2 WASH deaths,numeric,AFR,Africa,Country,MWI,Malawi,Year,2019,true,Sex,Both sexes,BTSX,,,,,,,,,,5739,,,,,,5739,,,EN,2022-11-06T23:00:00.000Z
WSH_1,SDG 3.9.2 WASH deaths,numeric,EUR,Europe,Country,NLD,Netherlands,Year,2019,true,Sex,Both sexes,BTSX,,,,,,,,,,576,,,,,,576,,,EN,2022-11-06T23:00:00.000Z
WSH_1,SDG 3.9.2 WASH deaths,numeric,AFR,Africa,Country,MLI,Mali,Year,2019,true,Sex,Female,FMLE,,,,,,,,,,5792,,,,,,5792,,,EN,2022-11-06T23:00:00.000Z
WSH_1,SDG 3.9.2 WASH deaths,numeric,AFR,Africa,Country,COG,Congo,Year,2019,true,Sex,Female,FMLE,,,,,,,,,,580,,,,,,580,,,EN,2022-11-06T23:00:00.000Z
WSH_1,SDG 3.9.2 WASH deaths,numeric,SEAR,South-East Asia,Country,PRK,Democratic People's Republic of Korea,Year,2019,true,Sex,Female,FMLE,,,,,,,,,,582,,,,,,582,,,EN,2022-11-06T23:00:00.000Z
WSH_1,SDG 3.9.2 WASH deaths,numeric,AFR,Africa,Country,MDG,Madagascar,Year,2019,true,Sex,Male,MLE,,,,,,,,,,5852,,,,,,5852,,,EN,2022-11-06T23:00:00.000Z
WSH_1,SDG 3.9.2 WASH deaths,numeric,AFR,Africa,Country,BFA,Burkina Faso,Year,2019,true,Sex,Female,FMLE,,,,,,,,,,5868,,,,,,5868,,,EN,2022-11-06T23:00:00.000Z
WSH_1,SDG 3.9.2 WASH deaths,numeric,EUR,Europe,Country,KAZ,Kazakhstan,Year,2019,true,Sex,Both sexes,BTSX,,,,,,,,,,598,,,,,,598,,,EN,2022-11-06T23:00:00.000Z
WSH_1,SDG 3.9.2 WASH deaths,numeric,EUR,Europe,Country,ROU,Romania,Year,2019,true,Sex,Female,FMLE,,,,,,,,,,599,,,,,,599,,,EN,2022-11-06T23:00:00.000Z
WSH_1,SDG 3.9.2 WASH deaths,numeric,AMR,Americas,Country,BHS,Bahamas,Year,2019,true,Sex,Male,MLE,,,,,,,,,,6,,,,,,6,,,EN,2022-11-06T23:00:00.000Z
WSH_1,SDG 3.9.2 WASH deaths,numeric,EUR,Europe,Country,LUX,Luxembourg,Year,2019,true,Sex,Female,FMLE,,,,,,,,,,6,,,,,,6,,,EN,2022-11-06T23:00:00.000Z
WSH_1,SDG 3.9.2 WASH deaths,numeric,AMR,Americas,Country,LCA,Saint Lucia,Year,2019,true,Sex,Male,MLE,,,,,,,,,,6,,,,,,6,,,EN,2022-11-06T23:00:00.000Z
WSH_1,SDG 3.9.2 WASH deaths,numeric,AMR,Americas,Country,VCT,Saint Vincent and the Grenadines,Year,2019,true,Sex,Both sexes,BTSX,,,,,,,,,,6,,,,,,6,,,EN,2022-11-06T23:00:00.000Z
WSH_1,SDG 3.9.2 WASH deaths,numeric,EUR,Europe,Country,BLR,Belarus,Year,2019,true,Sex,Female,FMLE,,,,,,,,,,60,,,,,,60,,,EN,2022-11-06T23:00:00.000Z
WSH_1,SDG 3.9.2 WASH deaths,numeric,WPR,Western Pacific,Country,MNG,Mongolia,Year,2019,true,Sex,Male,MLE,,,,,,,,,,60,,,,,,60,,,EN,2022-11-06T23:00:00.000Z
WSH_1,SDG 3.9.2 WASH deaths,numeric,WPR,Western Pacific,Country,NZL,New Zealand,Year,2019,true,Sex,Female,FMLE,,,,,,,,,,60,,,,,,60,,,EN,2022-11-06T23:00:00.000Z
WSH_1,SDG 3.9.2 WASH deaths,numeric,EUR,Europe,Country,GEO,Georgia,Year,2019,true,Sex,Female,FMLE,,,,,,,,,,61,,,,,,61,,,EN,2022-11-06T23:00:00.000Z
WSH_1,SDG 3.9.2 WASH deaths,numeric,EUR,Europe,Country,IRL,Ireland,Year,2019,true,Sex,Male,MLE,,,,,,,,,,61,,,,,,61,,,EN,2022-11-06T23:00:00.000Z
WSH_1,SDG 3.9.2 WASH deaths,numeric,EMR,Eastern Mediterranean,Country,ARE,United Arab Emirates,Year,2019,true,Sex,Male,MLE,,,,,,,,,,61,,,,,,61,,,EN,2022-11-06T23:00:00.000Z
WSH_1,SDG 3.9.2 WASH deaths,numeric,EUR,Europe,Country,BEL,Belgium,Year,2019,true,Sex,Both sexes,BTSX,,,,,,,,,,613,,,,,,613,,,EN,2022-11-06T23:00:00.000Z
WSH_1,SDG 3.9.2 WASH deaths,numeric,AFR,Africa,Country,BDI,Burundi,Year,2019,true,Sex,Both sexes,BTSX,,,,,,,,,,6140,,,,,,6140,,,EN,2022-11-06T23:00:00.000Z
WSH_1,SDG 3.9.2 WASH deaths,numeric,AFR,Africa,Country,BWA,Botswana,Year,2019,true,Sex,Both sexes,BTSX,,,,,,,,,,618,,,,,,618,,,EN,2022-11-06T23:00:00.000Z
WSH_1,SDG 3.9.2 WASH deaths,numeric,AMR,Americas,Country,DOM,Dominican Republic,Year,2019,true,Sex,Both sexes,BTSX,,,,,,,,,,621,,,,,,621,,,EN,2022-11-06T23:00:00.000Z
WSH_1,SDG 3.9.2 WASH deaths,numeric,EMR,Eastern Mediterranean,Country,AFG,Afghanistan,Year,2019,true,Sex,Both sexes,BTSX,,,,,,,,,,6329,,,,,,6329,,,EN,2022-11-06T23:00:00.000Z
WSH_1,SDG 3.9.2 WASH deaths,numeric,AFR,Africa,Country,ZMB,Zambia,Year,2019,true,Sex,Both sexes,BTSX,,,,,,,,,,6388,,,,,,6388,,,EN,2022-11-06T23:00:00.000Z
WSH_1,SDG 3.9.2 WASH deaths,numeric,EUR,Europe,Country,BIH,Bosnia and Herzegovina,Year,2019,true,Sex,Both sexes,BTSX,,,,,,,,,,64,,,,,,64,,,EN,2022-11-06T23:00:00.000Z
WSH_1,SDG 3.9.2 WASH deaths,numeric,EUR,Europe,Country,KGZ,Kyrgyzstan,Year,2019,true,Sex,Female,FMLE,,,,,,,,,,64,,,,,,64,,,EN,2022-11-06T23:00:00.000Z
WSH_1,SDG 3.9.2 WASH deaths,numeric,AMR,Americas,Country,URY,Uruguay,Year,2019,true,Sex,Male,MLE,,,,,,,,,,65,,,,,,65,,,EN,2022-11-06T23:00:00.000Z
WSH_1,SDG 3.9.2 WASH deaths,numeric,AFR,Africa,Country,BFA,Burkina Faso,Year,2019,true,Sex,Male,MLE,,,,,,,,,,6510,,,,,,6510,,,EN,2022-11-06T23:00:00.000Z
WSH_1,SDG 3.9.2 WASH deaths,numeric,SEAR,South-East Asia,Country,BTN,Bhutan,Year,2019,true,Sex,Male,MLE,,,,,,,,,,66,,,,,,66,,,EN,2022-11-06T23:00:00.000Z
WSH_1,SDG 3.9.2 WASH deaths,numeric,EMR,Eastern Mediterranean,Country,SAU,Saudi Arabia,Year,2019,true,Sex,Both sexes,BTSX,,,,,,,,,,661,,,,,,661,,,EN,2022-11-06T23:00:00.000Z
WSH_1,SDG 3.9.2 WASH deaths,numeric,WPR,Western Pacific,Country,VNM,Viet Nam,Year,2019,true,Sex,Both sexes,BTSX,,,,,,,,,,6676,,,,,,6676,,,EN,2022-11-06T23:00:00.000Z
WSH_1,SDG 3.9.2 WASH deaths,numeric,AFR,Africa,Country,CPV,Cabo Verde,Year,2019,true,Sex,Both sexes,BTSX,,,,,,,,,,67,,,,,,67,,,EN,2022-11-06T23:00:00.000Z
WSH_1,SDG 3.9.2 WASH deaths,numeric,AMR,Americas,Country,GUY,Guyana,Year,2019,true,Sex,Both sexes,BTSX,,,,,,,,,,67,,,,,,67,,,EN,2022-11-06T23:00:00.000Z
WSH_1,SDG 3.9.2 WASH deaths,numeric,AMR,Americas,Country,JAM,Jamaica,Year,2019,true,Sex,Both sexes,BTSX,,,,,,,,,,67,,,,,,67,,,EN,2022-11-06T23:00:00.000Z
WSH_1,SDG 3.9.2 WASH deaths,numeric,EUR,Europe,Country,UKR,Ukraine,Year,2019,true,Sex,Male,MLE,,,,,,,,,,674,,,,,,674,,,EN,2022-11-06T23:00:00.000Z
WSH_1,SDG 3.9.2 WASH deaths,numeric,AMR,Americas,Country,BRA,Brazil,Year,2019,true,Sex,Male,MLE,,,,,,,,,,6749,,,,,,6749,,,EN,2022-11-06T23:00:00.000Z
WSH_1,SDG 3.9.2 WASH deaths,numeric,AFR,Africa,Country,CMR,Cameroon,Year,2019,true,Sex,Male,MLE,,,,,,,,,,6749,,,,,,6749,,,EN,2022-11-06T23:00:00.000Z
WSH_1,SDG 3.9.2 WASH deaths,numeric,EMR,Eastern Mediterranean,Country,SDN,Sudan,Year,2019,true,Sex,Both sexes,BTSX,,,,,,,,,,6754,,,,,,6754,,,EN,2022-11-06T23:00:00.000Z
WSH_1,SDG 3.9.2 WASH deaths,numeric,EUR,Europe,Country,HRV,Croatia,Year,2019,true,Sex,Female,FMLE,,,,,,,,,,68,,,,,,68,,,EN,2022-11-06T23:00:00.000Z
WSH_1,SDG 3.9.2 WASH deaths,numeric,AFR,Africa,Country,KEN,Kenya,Year,2019,true,Sex,Female,FMLE,,,,,,,,,,6861,,,,,,6861,,,EN,2022-11-06T23:00:00.000Z
WSH_1,SDG 3.9.2 WASH deaths,numeric,AFR,Africa,Country,AGO,Angola,Year,2019,true,Sex,Female,FMLE,,,,,,,,,,6876,,,,,,6876,,,EN,2022-11-06T23:00:00.000Z
WSH_1,SDG 3.9.2 WASH deaths,numeric,EUR,Europe,Country,ARM,Armenia,Year,2019,true,Sex,Male,MLE,,,,,,,,,,69,,,,,,69,,,EN,2022-11-06T23:00:00.000Z
WSH_1,SDG 3.9.2 WASH deaths,numeric,EMR,Eastern Mediterranean,Country,LBN,Lebanon,Year,2019,true,Sex,Female,FMLE,,,,,,,,,,69,,,,,,69,,,EN,2022-11-06T23:00:00.000Z
WSH_1,SDG 3.9.2 WASH deaths,numeric,AFR,Africa,Country,MUS,Mauritius,Year,2019,true,Sex,Both sexes,BTSX,,,,,,,,,,69,,,,,,69,,,EN,2022-11-06T23:00:00.000Z
WSH_1,SDG 3.9.2 WASH deaths,numeric,EUR,Europe,Country,PRT,Portugal,Year,2019,true,Sex,Both sexes,BTSX,,,,,,,,,,691,,,,,,691,,,EN,2022-11-06T23:00:00.000Z
WSH_1,SDG 3.9.2 WASH deaths,numeric,AFR,Africa,Country,GMB,Gambia,Year,2019,true,Sex,Both sexes,BTSX,,,,,,,,,,693,,,,,,693,,,EN,2022-11-06T23:00:00.000Z
WSH_1,SDG 3.9.2 WASH deaths,numeric,AMR,Americas,Country,HND,Honduras,Year,2019,true,Sex,Both sexes,BTSX,,,,,,,,,,695,,,,,,695,,,EN,2022-11-06T23:00:00.000Z
WSH_1,SDG 3.9.2 WASH deaths,numeric,SEAR,South-East Asia,Country,MMR,Myanmar,Year,2019,true,Sex,Both sexes,BTSX,,,,,,,,,,6970,,,,,,6970,,,EN,2022-11-06T23:00:00.000Z
WSH_1,SDG 3.9.2 WASH deaths,numeric,AFR,Africa,Country,CIV,Côte d’Ivoire,Year,2019,true,Sex,Male,MLE,,,,,,,,,,6979,,,,,,6979,,,EN,2022-11-06T23:00:00.000Z
WSH_1,SDG 3.9.2 WASH deaths,numeric,AMR,Americas,Country,BLZ,Belize,Year,2019,true,Sex,Female,FMLE,,,,,,,,,,7,,,,,,7,,,EN,2022-11-06T23:00:00.000Z
WSH_1,SDG 3.9.2 WASH deaths,numeric,WPR,Western Pacific,Country,BRN,Brunei Darussalam,Year,2019,true,Sex,Both sexes,BTSX,,,,,,,,,,7,,,,,,7,,,EN,2022-11-06T23:00:00.000Z
WSH_1,SDG 3.9.2 WASH deaths,numeric,AMR,Americas,Country,GRD,Grenada,Year,2019,true,Sex,Both sexes,BTSX,,,,,,,,,,7,,,,,,7,,,EN,2022-11-06T23:00:00.000Z
WSH_1,SDG 3.9.2 WASH deaths,numeric,SEAR,South-East Asia,Country,MDV,Maldives,Year,2019,true,Sex,Male,MLE,,,,,,,,,,7,,,,,,7,,,EN,2022-11-06T23:00:00.000Z
WSH_1,SDG 3.9.2 WASH deaths,numeric,EUR,Europe,Country,MNE,Montenegro,Year,2019,true,Sex,Male,MLE,,,,,,,,,,7,,,,,,7,,,EN,2022-11-06T23:00:00.000Z
WSH_1,SDG 3.9.2 WASH deaths,numeric,EMR,Eastern Mediterranean,Country,QAT,Qatar,Year,2019,true,Sex,Male,MLE,,,,,,,,,,7,,,,,,7,,,EN,2022-11-06T23:00:00.000Z
WSH_1,SDG 3.9.2 WASH deaths,numeric,WPR,Western Pacific,Country,WSM,Samoa,Year,2019,true,Sex,Male,MLE,,,,,,,,,,7,,,,,,7,,,EN,2022-11-06T23:00:00.000Z
WSH_1,SDG 3.9.2 WASH deaths,numeric,WPR,Western Pacific,Country,TON,Tonga,Year,2019,true,Sex,Both sexes,BTSX,,,,,,,,,,7,,,,,,7,,,EN,2022-11-06T23:00:00.000Z
WSH_1,SDG 3.9.2 WASH deaths,numeric,AMR,Americas,Country,CRI,Costa Rica,Year,2019,true,Sex,Female,FMLE,,,,,,,,,,70,,,,,,70,,,EN,2022-11-06T23:00:00.000Z
WSH_1,SDG 3.9.2 WASH deaths,numeric,AFR,Africa,Country,NGA,Nigeria,Year,2019,true,Sex,Female,FMLE,,,,,,,,,,70070,,,,,,70 070,,,EN,2022-11-06T23:00:00.000Z
WSH_1,SDG 3.9.2 WASH deaths,numeric,WPR,Western Pacific,Country,LAO,Lao People's Democratic Republic,Year,2019,true,Sex,Female,FMLE,,,,,,,,,,702,,,,,,702,,,EN,2022-11-06T23:00:00.000Z
WSH_1,SDG 3.9.2 WASH deaths,numeric,EUR,Europe,Country,IRL,Ireland,Year,2019,true,Sex,Female,FMLE,,,,,,,,,,71,,,,,,71,,,EN,2022-11-06T23:00:00.000Z
WSH_1,SDG 3.9.2 WASH deaths,numeric,EMR,Eastern Mediterranean,Country,LBY,Libya,Year,2019,true,Sex,Female,FMLE,,,,,,,,,,71,,,,,,71,,,EN,2022-11-06T23:00:00.000Z
WSH_1,SDG 3.9.2 WASH deaths,numeric,EMR,Eastern Mediterranean,Country,SOM,Somalia,Year,2019,true,Sex,Female,FMLE,,,,,,,,,,7101,,,,,,7101,,,EN,2022-11-06T23:00:00.000Z
WSH_1,SDG 3.9.2 WASH deaths,numeric,AFR,Africa,Country,BEN,Benin,Year,2019,true,Sex,Both sexes,BTSX,,,,,,,,,,7102,,,,,,7102,,,EN,2022-11-06T23:00:00.000Z
WSH_1,SDG 3.9.2 WASH deaths,numeric,EMR,Eastern Mediterranean,Country,SYR,Syrian Arab Republic,Year,2019,true,Sex,Female,FMLE,,,,,,,,,,713,,,,,,713,,,EN,2022-11-06T23:00:00.000Z
WSH_1,SDG 3.9.2 WASH deaths,numeric,AMR,Americas,Country,VEN,Venezuela (Bolivarian Republic of),Year,2019,true,Sex,Female,FMLE,,,,,,,,,,714,,,,,,714,,,EN,2022-11-06T23:00:00.000Z
WSH_1,SDG 3.9.2 WASH deaths,numeric,AFR,Africa,Country,UGA,Uganda,Year,2019,true,Sex,Male,MLE,,,,,,,,,,7153,,,,,,7153,,,EN,2022-11-06T23:00:00.000Z
WSH_1,SDG 3.9.2 WASH deaths,numeric,AFR,Africa,Country,NAM,Namibia,Year,2019,true,Sex,Both sexes,BTSX,,,,,,,,,,719,,,,,,719,,,EN,2022-11-06T23:00:00.000Z
WSH_1,SDG 3.9.2 WASH deaths,numeric,EUR,Europe,Country,LTU,Lithuania,Year,2019,true,Sex,Both sexes,BTSX,,,,,,,,,,72,,,,,,72,,,EN,2022-11-06T23:00:00.000Z
WSH_1,SDG 3.9.2 WASH deaths,numeric,AFR,Africa,Country,MLI,Mali,Year,2019,true,Sex,Male,MLE,,,,,,,,,,7206,,,,,,7206,,,EN,2022-11-06T23:00:00.000Z
WSH_1,SDG 3.9.2 WASH deaths,numeric,AMR,Americas,Country,BRA,Brazil,Year,2019,true,Sex,Female,FMLE,,,,,,,,,,7208,,,,,,7208,,,EN,2022-11-06T23:00:00.000Z
WSH_1,SDG 3.9.2 WASH deaths,numeric,EUR,Europe,Country,ESP,Spain,Year,2019,true,Sex,Male,MLE,,,,,,,,,,723,,,,,,723,,,EN,2022-11-06T23:00:00.000Z
WSH_1,SDG 3.9.2 WASH deaths,numeric,AFR,Africa,Country,TCD,Chad,Year,2019,true,Sex,Female,FMLE,,,,,,,,,,7291,,,,,,7291,,,EN,2022-11-06T23:00:00.000Z
WSH_1,SDG 3.9.2 WASH deaths,numeric,EUR,Europe,Country,GEO,Georgia,Year,2019,true,Sex,Male,MLE,,,,,,,,,,73,,,,,,73,,,EN,2022-11-06T23:00:00.000Z
WSH_1,SDG 3.9.2 WASH deaths,numeric,AFR,Africa,Country,NER,Niger,Year,2019,true,Sex,Female,FMLE,,,,,,,,,,7360,,,,,,7360,,,EN,2022-11-06T23:00:00.000Z
WSH_1,SDG 3.9.2 WASH deaths,numeric,AFR,Africa,Country,GIN,Guinea,Year,2019,true,Sex,Both sexes,BTSX,,,,,,,,,,7377,,,,,,7377,,,EN,2022-11-06T23:00:00.000Z
WSH_1,SDG 3.9.2 WASH deaths,numeric,AFR,Africa,Country,NGA,Nigeria,Year,2019,true,Sex,Male,MLE,,,,,,,,,,74088,,,,,,74 088,,,EN,2022-11-06T23:00:00.000Z
WSH_1,SDG 3.9.2 WASH deaths,numeric,AMR,Americas,Country,BOL,Bolivia (Plurinational State of),Year,2019,true,Sex,Male,MLE,,,,,,,,,,740,,,,,,740,,,EN,2022-11-06T23:00:00.000Z
WSH_1,SDG 3.9.2 WASH deaths,numeric,AMR,Americas,Country,USA,United States of America,Year,2019,true,Sex,Both sexes,BTSX,,,,,,,,,,7423,,,,,,7423,,,EN,2022-11-06T23:00:00.000Z
WSH_1,SDG 3.9.2 WASH deaths,numeric,AMR,Americas,Country,CRI,Costa Rica,Year,2019,true,Sex,Male,MLE,,,,,,,,,,75,,,,,,75,,,EN,2022-11-06T23:00:00.000Z
WSH_1,SDG 3.9.2 WASH deaths,numeric,EMR,Eastern Mediterranean,Country,LBY,Libya,Year,2019,true,Sex,Male,MLE,,,,,,,,,,75,,,,,,75,,,EN,2022-11-06T23:00:00.000Z
WSH_1,SDG 3.9.2 WASH deaths,numeric,WPR,Western Pacific,Country,VUT,Vanuatu,Year,2019,true,Sex,Both sexes,BTSX,,,,,,,,,,75,,,,,,75,,,EN,2022-11-06T23:00:00.000Z
WSH_1,SDG 3.9.2 WASH deaths,numeric,AFR,Africa,Country,SSD,South Sudan,Year,2019,true,Sex,Both sexes,BTSX,,,,,,,,,,7531,,,,,,7531,,,EN,2022-11-06T23:00:00.000Z
WSH_1,SDG 3.9.2 WASH deaths,numeric,EUR,Europe,Country,ESP,Spain,Year,2019,true,Sex,Female,FMLE,,,,,,,,,,760,,,,,,760,,,EN,2022-11-06T23:00:00.000Z
WSH_1,SDG 3.9.2 WASH deaths,numeric,AMR,Americas,Country,VEN,Venezuela (Bolivarian Republic of),Year,2019,true,Sex,Male,MLE,,,,,,,,,,761,,,,,,761,,,EN,2022-11-06T23:00:00.000Z
WSH_1,SDG 3.9.2 WASH deaths,numeric,AFR,Africa,Country,GHA,Ghana,Year,2019,true,Sex,Both sexes,BTSX,,,,,,,,,,7653,,,,,,7653,,,EN,2022-11-06T23:00:00.000Z
WSH_1,SDG 3.9.2 WASH deaths,numeric,WPR,Western Pacific,Country,LAO,Lao People's Democratic Republic,Year,2019,true,Sex,Male,MLE,,,,,,,,,,769,,,,,,769,,,EN,2022-11-06T23:00:00.000Z
WSH_1,SDG 3.9.2 WASH deaths,numeric,EMR,Eastern Mediterranean,Country,IRQ,Iraq,Year,2019,true,Sex,Female,FMLE,,,,,,,,,,782,,,,,,782,,,EN,2022-11-06T23:00:00.000Z
WSH_1,SDG 3.9.2 WASH deaths,numeric,AFR,Africa,Country,MRT,Mauritania,Year,2019,true,Sex,Female,FMLE,,,,,,,,,,789,,,,,,789,,,EN,2022-11-06T23:00:00.000Z
WSH_1,SDG 3.9.2 WASH deaths,numeric,EUR,Europe,Country,ROU,Romania,Year,2019,true,Sex,Male,MLE,,,,,,,,,,796,,,,,,796,,,EN,2022-11-06T23:00:00.000Z
WSH_1,SDG 3.9.2 WASH deaths,numeric,AFR,Africa,Country,ZAF,South Africa,Year,2019,true,Sex,Female,FMLE,,,,,,,,,,7987,,,,,,7987,,,EN,2022-11-06T23:00:00.000Z
WSH_1,SDG 3.9.2 WASH deaths,numeric,EUR,Europe,Country,GRC,Greece,Year,2019,true,Sex,Both sexes,BTSX,,,,,,,,,,799,,,,,,799,,,EN,2022-11-06T23:00:00.000Z
WSH_1,SDG 3.9.2 WASH deaths,numeric,EMR,Eastern Mediterranean,Country,BHR,Bahrain,Year,2019,true,Sex,Male,MLE,,,,,,,,,,8,,,,,,8,,,EN,2022-11-06T23:00:00.000Z
WSH_1,SDG 3.9.2 WASH deaths,numeric,EUR,Europe,Country,ISL,Iceland,Year,2019,true,Sex,Both sexes,BTSX,,,,,,,,,,8,,,,,,8,,,EN,2022-11-06T23:00:00.000Z
WSH_1,SDG 3.9.2 WASH deaths,numeric,WPR,Western Pacific,Country,FSM,Micronesia (Federated States of),Year,2019,true,Sex,Female,FMLE,,,,,,,,,,8,,,,,,8,,,EN,2022-11-06T23:00:00.000Z
WSH_1,SDG 3.9.2 WASH deaths,numeric,WPR,Western Pacific,Country,FSM,Micronesia (Federated States of),Year,2019,true,Sex,Male,MLE,,,,,,,,,,8,,,,,,8,,,EN,2022-11-06T23:00:00.000Z
WSH_1,SDG 3.9.2 WASH deaths,numeric,AFR,Africa,Country,SYC,Seychelles,Year,2019,true,Sex,Both sexes,BTSX,,,,,,,,,,8,,,,,,8,,,EN,2022-11-06T23:00:00.000Z
WSH_1,SDG 3.9.2 WASH deaths,numeric,EMR,Eastern Mediterranean,Country,OMN,Oman,Year,2019,true,Sex,Both sexes,BTSX,,,,,,,,,,80,,,,,,80,,,EN,2022-11-06T23:00:00.000Z
WSH_1,SDG 3.9.2 WASH deaths,numeric,AFR,Africa,Country,TZA,United Republic of Tanzania,Year,2019,true,Sex,Female,FMLE,,,,,,,,,,8107,,,,,,8107,,,EN,2022-11-06T23:00:00.000Z
WSH_1,SDG 3.9.2 WASH deaths,numeric,AFR,Africa,Country,MOZ,Mozambique,Year,2019,true,Sex,Male,MLE,,,,,,,,,,8117,,,,,,8117,,,EN,2022-11-06T23:00:00.000Z
WSH_1,SDG 3.9.2 WASH deaths,numeric,AMR,Americas,Country,ECU,Ecuador,Year,2019,true,Sex,Both sexes,BTSX,,,,,,,,,,815,,,,,,815,,,EN,2022-11-06T23:00:00.000Z
WSH_1,SDG 3.9.2 WASH deaths,numeric,AFR,Africa,Country,ZAF,South Africa,Year,2019,true,Sex,Male,MLE,,,,,,,,,,8171,,,,,,8171,,,EN,2022-11-06T23:00:00.000Z
WSH_1,SDG 3.9.2 WASH deaths,numeric,EUR,Europe,Country,ISR,Israel,Year,2019,true,Sex,Male,MLE,,,,,,,,,,82,,,,,,82,,,EN,2022-11-06T23:00:00.000Z
WSH_1,SDG 3.9.2 WASH deaths,numeric,EMR,Eastern Mediterranean,Country,SOM,Somalia,Year,2019,true,Sex,Male,MLE,,,,,,,,,,8216,,,,,,8216,,,EN,2022-11-06T23:00:00.000Z
WSH_1,SDG 3.9.2 WASH deaths,numeric,SEAR,South-East Asia,Country,THA,Thailand,Year,2019,true,Sex,Both sexes,BTSX,,,,,,,,,,8216,,,,,,8216,,,EN,2022-11-06T23:00:00.000Z
WSH_1,SDG 3.9.2 WASH deaths,numeric,AFR,Africa,Country,DZA,Algeria,Year,2019,true,Sex,Female,FMLE,,,,,,,,,,822,,,,,,822,,,EN,2022-11-06T23:00:00.000Z
WSH_1,SDG 3.9.2 WASH deaths,numeric,AMR,Americas,Country,COL,Colombia,Year,2019,true,Sex,Male,MLE,,,,,,,,,,829,,,,,,829,,,EN,2022-11-06T23:00:00.000Z
WSH_1,SDG 3.9.2 WASH deaths,numeric,EMR,Eastern Mediterranean,Country,MAR,Morocco,Year,2019,true,Sex,Female,FMLE,,,,,,,,,,829,,,,,,829,,,EN,2022-11-06T23:00:00.000Z
WSH_1,SDG 3.9.2 WASH deaths,numeric,EUR,Europe,Country,AUT,Austria,Year,2019,true,Sex,Male,MLE,,,,,,,,,,83,,,,,,83,,,EN,2022-11-06T23:00:00.000Z
WSH_1,SDG 3.9.2 WASH deaths,numeric,EUR,Europe,Country,BGR,Bulgaria,Year,2019,true,Sex,Female,FMLE,,,,,,,,,,83,,,,,,83,,,EN,2022-11-06T23:00:00.000Z
WSH_1,SDG 3.9.2 WASH deaths,numeric,EMR,Eastern Mediterranean,Country,ARE,United Arab Emirates,Year,2019,true,Sex,Both sexes,BTSX,,,,,,,,,,83,,,,,,83,,,EN,2022-11-06T23:00:00.000Z
WSH_1,SDG 3.9.2 WASH deaths,numeric,EUR,Europe,Country,ITA,Italy,Year,2019,true,Sex,Male,MLE,,,,,,,,,,831,,,,,,831,,,EN,2022-11-06T23:00:00.000Z
WSH_1,SDG 3.9.2 WASH deaths,numeric,EMR,Eastern Mediterranean,Country,MAR,Morocco,Year,2019,true,Sex,Male,MLE,,,,,,,,,,831,,,,,,831,,,EN,2022-11-06T23:00:00.000Z
WSH_1,SDG 3.9.2 WASH deaths,numeric,AFR,Africa,Country,LBR,Liberia,Year,2019,true,Sex,Female,FMLE,,,,,,,,,,837,,,,,,837,,,EN,2022-11-06T23:00:00.000Z
WSH_1,SDG 3.9.2 WASH deaths,numeric,AFR,Africa,Country,COG,Congo,Year,2019,true,Sex,Male,MLE,,,,,,,,,,839,,,,,,839,,,EN,2022-11-06T23:00:00.000Z
WSH_1,SDG 3.9.2 WASH deaths,numeric,EUR,Europe,Country,TJK,Tajikistan,Year,2019,true,Sex,Both sexes,BTSX,,,,,,,,,,839,,,,,,839,,,EN,2022-11-06T23:00:00.000Z
WSH_1,SDG 3.9.2 WASH deaths,numeric,EUR,Europe,Country,KGZ,Kyrgyzstan,Year,2019,true,Sex,Male,MLE,,,,,,,,,,84,,,,,,84,,,EN,2022-11-06T23:00:00.000Z
WSH_1,SDG 3.9.2 WASH deaths,numeric,AMR,Americas,Country,PAN,Panama,Year,2019,true,Sex,Female,FMLE,,,,,,,,,,84,,,,,,84,,,EN,2022-11-06T23:00:00.000Z
WSH_1,SDG 3.9.2 WASH deaths,numeric,EMR,Eastern Mediterranean,Country,PAK,Pakistan,Year,2019,true,Sex,Both sexes,BTSX,,,,,,,,,,84018,,,,,,84 018,,,EN,2022-11-06T23:00:00.000Z
WSH_1,SDG 3.9.2 WASH deaths,numeric,AFR,Africa,Country,KEN,Kenya,Year,2019,true,Sex,Male,MLE,,,,,,,,,,8404,,,,,,8404,,,EN,2022-11-06T23:00:00.000Z
WSH_1,SDG 3.9.2 WASH deaths,numeric,EMR,Eastern Mediterranean,Country,SYR,Syrian Arab Republic,Year,2019,true,Sex,Male,MLE,,,,,,,,,,848,,,,,,848,,,EN,2022-11-06T23:00:00.000Z
WSH_1,SDG 3.9.2 WASH deaths,numeric,AFR,Africa,Country,TCD,Chad,Year,2019,true,Sex,Male,MLE,,,,,,,,,,8528,,,,,,8528,,,EN,2022-11-06T23:00:00.000Z
WSH_1,SDG 3.9.2 WASH deaths,numeric,AMR,Americas,Country,CAN,Canada,Year,2019,true,Sex,Both sexes,BTSX,,,,,,,,,,856,,,,,,856,,,EN,2022-11-06T23:00:00.000Z
WSH_1,SDG 3.9.2 WASH deaths,numeric,EUR,Europe,Country,NOR,Norway,Year,2019,true,Sex,Male,MLE,,,,,,,,,,86,,,,,,86,,,EN,2022-11-06T23:00:00.000Z
WSH_1,SDG 3.9.2 WASH deaths,numeric,AFR,Africa,Country,ERI,Eritrea,Year,2019,true,Sex,Female,FMLE,,,,,,,,,,862,,,,,,862,,,EN,2022-11-06T23:00:00.000Z
WSH_1,SDG 3.9.2 WASH deaths,numeric,AFR,Africa,Country,AGO,Angola,Year,2019,true,Sex,Male,MLE,,,,,,,,,,8671,,,,,,8671,,,EN,2022-11-06T23:00:00.000Z
WSH_1,SDG 3.9.2 WASH deaths,numeric,EUR,Europe,Country,HUN,Hungary,Year,2019,true,Sex,Male,MLE,,,,,,,,,,87,,,,,,87,,,EN,2022-11-06T23:00:00.000Z
WSH_1,SDG 3.9.2 WASH deaths,numeric,EUR,Europe,Country,SVK,Slovakia,Year,2019,true,Sex,Female,FMLE,,,,,,,,,,87,,,,,,87,,,EN,2022-11-06T23:00:00.000Z
WSH_1,SDG 3.9.2 WASH deaths,numeric,AFR,Africa,Country,LBR,Liberia,Year,2019,true,Sex,Male,MLE,,,,,,,,,,873,,,,,,873,,,EN,2022-11-06T23:00:00.000Z
WSH_1,SDG 3.9.2 WASH deaths,numeric,AMR,Americas,Country,COL,Colombia,Year,2019,true,Sex,Female,FMLE,,,,,,,,,,875,,,,,,875,,,EN,2022-11-06T23:00:00.000Z
WSH_1,SDG 3.9.2 WASH deaths,numeric,AMR,Americas,Country,URY,Uruguay,Year,2019,true,Sex,Female,FMLE,,,,,,,,,,89,,,,,,89,,,EN,2022-11-06T23:00:00.000Z
WSH_1,SDG 3.9.2 WASH deaths,numeric,EUR,Europe,Country,CYP,Cyprus,Year,2019,true,Sex,Male,MLE,,,,,,,,,,9,,,,,,9,,,EN,2022-11-06T23:00:00.000Z
WSH_1,SDG 3.9.2 WASH deaths,numeric,EMR,Eastern Mediterranean,Country,KWT,Kuwait,Year,2019,true,Sex,Female,FMLE,,,,,,,,,,9,,,,,,9,,,EN,2022-11-06T23:00:00.000Z
WSH_1,SDG 3.9.2 WASH deaths,numeric,EUR,Europe,Country,MLT,Malta,Year,2019,true,Sex,Male,MLE,,,,,,,,,,9,,,,,,9,,,EN,2022-11-06T23:00:00.000Z
WSH_1,SDG 3.9.2 WASH deaths,numeric,WPR,Western Pacific,Country,WSM,Samoa,Year,2019,true,Sex,Female,FMLE,,,,,,,,,,9,,,,,,9,,,EN,2022-11-06T23:00:00.000Z
WSH_1,SDG 3.9.2 WASH deaths,numeric,AFR,Africa,Country,NER,Niger,Year,2019,true,Sex,Male,MLE,,,,,,,,,,9018,,,,,,9018,,,EN,2022-11-06T23:00:00.000Z
WSH_1,SDG 3.9.2 WASH deaths,numeric,AMR,Americas,Country,BOL,Bolivia (Plurinational State of),Year,2019,true,Sex,Female,FMLE,,,,,,,,,,903,,,,,,903,,,EN,2022-11-06T23:00:00.000Z
WSH_1,SDG 3.9.2 WASH deaths,numeric,WPR,Western Pacific,Country,PHL,Philippines,Year,2019,true,Sex,Male,MLE,,,,,,,,,,9113,,,,,,9113,,,EN,2022-11-06T23:00:00.000Z
WSH_1,SDG 3.9.2 WASH deaths,numeric,WPR,Western Pacific,Country,PHL,Philippines,Year,2019,true,Sex,Female,FMLE,,,,,,,,,,9128,,,,,,9128,,,EN,2022-11-06T23:00:00.000Z
WSH_1,SDG 3.9.2 WASH deaths,numeric,AFR,Africa,Country,DZA,Algeria,Year,2019,true,Sex,Male,MLE,,,,,,,,,,922,,,,,,922,,,EN,2022-11-06T23:00:00.000Z
WSH_1,SDG 3.9.2 WASH deaths,numeric,AFR,Africa,Country,MRT,Mauritania,Year,2019,true,Sex,Male,MLE,,,,,,,,,,922,,,,,,922,,,EN,2022-11-06T23:00:00.000Z
WSH_1,SDG 3.9.2 WASH deaths,numeric,EUR,Europe,Country,ALB,Albania,Year,2019,true,Sex,Both sexes,BTSX,,,,,,,,,,93,,,,,,93,,,EN,2022-11-06T23:00:00.000Z
WSH_1,SDG 3.9.2 WASH deaths,numeric,EUR,Europe,Country,BLR,Belarus,Year,2019,true,Sex,Male,MLE,,,,,,,,,,93,,,,,,93,,,EN,2022-11-06T23:00:00.000Z
WSH_1,SDG 3.9.2 WASH deaths,numeric,EUR,Europe,Country,ISR,Israel,Year,2019,true,Sex,Female,FMLE,,,,,,,,,,93,,,,,,93,,,EN,2022-11-06T23:00:00.000Z
WSH_1,SDG 3.9.2 WASH deaths,numeric,WPR,Western Pacific,Country,PNG,Papua New Guinea,Year,2019,true,Sex,Female,FMLE,,,,,,,,,,935,,,,,,935,,,EN,2022-11-06T23:00:00.000Z
WSH_1,SDG 3.9.2 WASH deaths,numeric,EUR,Europe,Country,AUT,Austria,Year,2019,true,Sex,Female,FMLE,,,,,,,,,,94,,,,,,94,,,EN,2022-11-06T23:00:00.000Z
WSH_1,SDG 3.9.2 WASH deaths,numeric,AFR,Africa,Country,TZA,United Republic of Tanzania,Year,2019,true,Sex,Male,MLE,,,,,,,,,,9418,,,,,,9418,,,EN,2022-11-06T23:00:00.000Z
WSH_1,SDG 3.9.2 WASH deaths,numeric,EMR,Eastern Mediterranean,Country,LBN,Lebanon,Year,2019,true,Sex,Male,MLE,,,,,,,,,,95,,,,,,95,,,EN,2022-11-06T23:00:00.000Z
WSH_1,SDG 3.9.2 WASH deaths,numeric,AFR,Africa,Country,GNB,Guinea-Bissau,Year,2019,true,Sex,Both sexes,BTSX,,,,,,,,,,950,,,,,,950,,,EN,2022-11-06T23:00:00.000Z
WSH_1,SDG 3.9.2 WASH deaths,numeric,EUR,Europe,Country,FRA,France,Year,2019,true,Sex,Male,MLE,,,,,,,,,,957,,,,,,957,,,EN,2022-11-06T23:00:00.000Z
WSH_1,SDG 3.9.2 WASH deaths,numeric,EUR,Europe,Country,UZB,Uzbekistan,Year,2019,true,Sex,Both sexes,BTSX,,,,,,,,,,957,,,,,,957,,,EN,2022-11-06T23:00:00.000Z
WSH_1,SDG 3.9.2 WASH deaths,numeric,WPR,Western Pacific,Country,FJI,Fiji,Year,2019,true,Sex,Both sexes,BTSX,,,,,,,,,,96,,,,,,96,,,EN,2022-11-06T23:00:00.000Z
WSH_1,SDG 3.9.2 WASH deaths,numeric,EMR,Eastern Mediterranean,Country,JOR,Jordan,Year,2019,true,Sex,Female,FMLE,,,,,,,,,,96,,,,,,96,,,EN,2022-11-06T23:00:00.000Z
WSH_1,SDG 3.9.2 WASH deaths,numeric,AMR,Americas,Country,PAN,Panama,Year,2019,true,Sex,Male,MLE,,,,,,,,,,96,,,,,,96,,,EN,2022-11-06T23:00:00.000Z
WSH_1,SDG 3.9.2 WASH deaths,numeric,EUR,Europe,Country,CHE,Switzerland,Year,2019,true,Sex,Male,MLE,,,,,,,,,,96,,,,,,96,,,EN,2022-11-06T23:00:00.000Z
WSH_1,SDG 3.9.2 WASH deaths,numeric,EUR,Europe,Country,TUR,Türkiye,Year,2019,true,Sex,Male,MLE,,,,,,,,,,963,,,,,,963,,,EN,2022-11-06T23:00:00.000Z
WSH_1,SDG 3.9.2 WASH deaths,numeric,EMR,Eastern Mediterranean,Country,IRQ,Iraq,Year,2019,true,Sex,Male,MLE,,,,,,,,,,964,,,,,,964,,,EN,2022-11-06T23:00:00.000Z
WSH_1,SDG 3.9.2 WASH deaths,numeric,EUR,Europe,Country,ITA,Italy,Year,2019,true,Sex,Female,FMLE,,,,,,,,,,991,,,,,,991,,,EN,2022-11-06T23:00:00.000Z
WSH_1,SDG 3.9.2 WASH deaths,numeric,EUR,Europe,Country,POL,Poland,Year,2019,true,Sex,Female,FMLE,,,,,,,,,,999,,,,,,999,,,EN,2022-11-06T23:00:00.000Z
